source,source_url,category,rank,headline,link,collected_at_iso
ET Panache Health,https://economictimes.indiatimes.com/magazines/panache/health,health,1,FMT eases pain. Ask an ex-boxer!,https://economictimes.indiatimes.com/articleshow/49323452.cms,2026-10-06T08:30:41+00:00
ET Panache Health,https://economictimes.indiatimes.com/magazines/panache/health,health,2,Not coconut water or black coffee: Harvard-trained gut doctor shares 7 drinks that won’t cause bloating,https://economictimes.indiatimes.com/articleshow/134499471.cms,2026-10-06T08:30:41+00:00
ET Panache Health,https://economictimes.indiatimes.com/magazines/panache/health,health,3,Paying your bills twice could be a dementia sign? Doctor shares 4 subtle symptoms families often overlook”,https://economictimes.indiatimes.com/articleshow/134425488.cms,2026-10-06T08:30:41+00:00
ET Panache Health,https://economictimes.indiatimes.com/magazines/panache/health,health,4,‘I couldn’t understand it’: Dr Pal reveals why a cancer patient’s laughter left him thinking long after the consultation,https://economictimes.indiatimes.com/articleshow/134379712.cms,2026-10-06T08:30:41+00:00
ET Panache Health,https://economictimes.indiatimes.com/magazines/panache/health,health,5,"Dr Pal breaks silence on Katrina Kaif’s weight trolling, has a message for husbands and families post-delivery: ‘They don’t have to end up in...’",https://economictimes.indiatimes.com/articleshow/134364645.cms,2026-10-06T08:30:41+00:00
ET Panache Health,https://economictimes.indiatimes.com/magazines/panache/health,health,6,Whole eggs or egg whites: Complete health comparison. Protein vs calories vs nutrition vs impact on body,https://economictimes.indiatimes.com/articleshow/134358878.cms,2026-10-06T08:30:41+00:00
ET Panache Health,https://economictimes.indiatimes.com/magazines/panache/health,health,7,How much hair fall is normal? Here's when shedding may signal a big problem,https://economictimes.indiatimes.com/articleshow/134357749.cms,2026-10-06T08:30:41+00:00
ET Panache Health,https://economictimes.indiatimes.com/magazines/panache/health,health,8,Doctor says 80% of patients suffering from autoimmune disorders share four characteristics: ‘They feel responsible for others…’,https://economictimes.indiatimes.com/articleshow/134343714.cms,2026-10-06T08:30:41+00:00
ET Panache Health,https://economictimes.indiatimes.com/magazines/panache/health,health,9,This popular fermented food may help remove tiny plastic particles from the gut. Research finds shocking revelation,https://economictimes.indiatimes.com/articleshow/134338825.cms,2026-10-06T08:30:41+00:00
ET Panache Health,https://economictimes.indiatimes.com/magazines/panache/health,health,10,What does brushing your teeth have to do with stroke? Doctor shares 5 daily habits that may raise risk apart from blood pressure and cholesterol,https://economictimes.indiatimes.com/articleshow/134330296.cms,2026-10-06T08:30:41+00:00
ET Panache Health,https://economictimes.indiatimes.com/magazines/panache/health,health,11,The US eradicated this flesh-eating parasite decades ago. Now it is detected in Texas and New Mexico,https://economictimes.indiatimes.com/articleshow/134270236.cms,2026-10-06T08:30:41+00:00
ET Panache Health,https://economictimes.indiatimes.com/magazines/panache/health,health,12,Fitness coach calls cardio a terrible weight-loss strategy. Reveals how to sustainably burn fat without stress,https://economictimes.indiatimes.com/articleshow/134244819.cms,2026-10-06T08:30:41+00:00
ET Panache Health,https://economictimes.indiatimes.com/magazines/panache/health,health,13,When urine became medicine: How one bizarre scientific discovery reduced death by bacterial penumonia from 18% to less than 1% during World War II,https://economictimes.indiatimes.com/articleshow/134191550.cms,2026-10-06T08:30:41+00:00
ET Panache Health,https://economictimes.indiatimes.com/magazines/panache/health,health,14,"Psychologists say chronic nail biters may not be having a case of anxiety disorder but perfectionism. Though it promotes excellence, perfectionism has its pitfalls",https://economictimes.indiatimes.com/articleshow/134072264.cms,2026-10-06T08:30:41+00:00
ET Panache Health,https://economictimes.indiatimes.com/magazines/panache/health,health,15,"Sachin Tendulkar shares one habit that brings him ‘little moments’ of fondness. Experts say this hobby can reduce risk of dementia, boost self-esteem",https://economictimes.indiatimes.com/articleshow/134052538.cms,2026-10-06T08:30:41+00:00
ET Panache Health,https://economictimes.indiatimes.com/magazines/panache/health,health,16,"Doctors once told Pamela Anderson that she would live for only some more years, with cure rate of just 10%. ‘Took everything I had…'",https://economictimes.indiatimes.com/articleshow/134003706.cms,2026-10-06T08:30:41+00:00
ET Panache Health,https://economictimes.indiatimes.com/magazines/panache/health,health,17,Think your morning coffee makes you mentally sharper? Study suggests caffeine may not give your brain the boost you expect,https://economictimes.indiatimes.com/articleshow/133839591.cms,2026-10-06T08:30:41+00:00
ET Panache Health,https://economictimes.indiatimes.com/magazines/panache/health,health,18,What’s really in your fast-food soda? A US study tested over 90 beverages; what they found raises hygiene questions,https://economictimes.indiatimes.com/articleshow/133797735.cms,2026-10-06T08:30:41+00:00
ET Panache Health,https://economictimes.indiatimes.com/magazines/panache/health,health,19,"Neurosurgeon says we can all do 'self-brain surgery'. No, it does not need a medical degree: ‘Talk to yourself the way…'",https://economictimes.indiatimes.com/articleshow/133753234.cms,2026-10-06T08:30:41+00:00
ET Panache Health,https://economictimes.indiatimes.com/magazines/panache/health,health,20,Outer Banks Season 5 OTT release,https://economictimes.indiatimes.com/articleshow/133312195.cms,2026-10-06T08:30:41+00:00
ET Panache Health,https://economictimes.indiatimes.com/magazines/panache/health,health,21,Pushpa 2 Online Leaked,https://economictimes.indiatimes.com/articleshow/115993157.cms,2026-10-06T08:30:41+00:00
ET Panache Health,https://economictimes.indiatimes.com/magazines/panache/health,health,22,Google Doodle Staurikosaurus,https://economictimes.indiatimes.com/articleshow/114370181.cms,2026-10-06T08:30:41+00:00
ET Panache Health,https://economictimes.indiatimes.com/magazines/panache/health,health,23,Google rejects‘too good’employee,https://economictimes.indiatimes.com/articleshow/114371359.cms,2026-10-06T08:30:41+00:00
ET Panache Health,https://economictimes.indiatimes.com/magazines/panache/health,health,24,Priyanka flashes belly button rings,https://economictimes.indiatimes.com/articleshow/114372935.cms,2026-10-06T08:30:41+00:00
ET Panache Health,https://economictimes.indiatimes.com/magazines/panache/health,health,25,Amid Lawrence Bishnoi,https://economictimes.indiatimes.com/articleshow/114367306.cms,2026-10-06T08:30:41+00:00
ET Panache Health,https://economictimes.indiatimes.com/magazines/panache/health,health,26,Varun Dhawan Samantha,https://economictimes.indiatimes.com/articleshow/114368753.cms,2026-10-06T08:30:41+00:00
ET Panache Health,https://economictimes.indiatimes.com/magazines/panache/health,health,27,Akshay Kumar COVID News,https://economictimes.indiatimes.com/articleshow/111685146.cms,2026-10-06T08:30:41+00:00
ET Panache Health,https://economictimes.indiatimes.com/magazines/panache/health,health,28,Sarfira Movie Review,https://economictimes.indiatimes.com/articleshow/111677493.cms,2026-10-06T08:30:41+00:00
ET Panache Health,https://economictimes.indiatimes.com/magazines/panache/health,health,29,Cristiano Ronaldo Retirement,https://economictimes.indiatimes.com/articleshow/111438820.cms,2026-10-06T08:30:41+00:00
ET Panache Health,https://economictimes.indiatimes.com/magazines/panache/health,health,30,Sonakshi Sinha Wedding,https://economictimes.indiatimes.com/articleshow/111203848.cms,2026-10-06T08:30:41+00:00
ET Panache Health,https://economictimes.indiatimes.com/magazines/panache/health,health,31,Sania Mirza Mohammed Shami,https://economictimes.indiatimes.com/articleshow/111157002.cms,2026-10-06T08:30:41+00:00
ET Panache Health,https://economictimes.indiatimes.com/magazines/panache/health,health,32,Bigg Boss OTT 3,https://economictimes.indiatimes.com/articleshow/111104026.cms,2026-10-06T08:30:41+00:00
ET Panache Health,https://economictimes.indiatimes.com/magazines/panache/health,health,33,Panchayat Season 3 OTT Release,https://economictimes.indiatimes.com/articleshow/110140474.cms,2026-10-06T08:30:41+00:00
ET Panache Health,https://economictimes.indiatimes.com/magazines/panache/health,health,34,Cannes 2024 Live Streaming,https://economictimes.indiatimes.com/articleshow/110116799.cms,2026-10-06T08:30:41+00:00
ET Panache Health,https://economictimes.indiatimes.com/magazines/panache/health,health,35,Pavitra Jayaram Death,https://economictimes.indiatimes.com/articleshow/110069299.cms,2026-10-06T08:30:41+00:00
ET Panache Health,https://economictimes.indiatimes.com/magazines/panache/health,health,36,Rituraj Singh Death,https://economictimes.indiatimes.com/articleshow/107842242.cms,2026-10-06T08:30:41+00:00
ET Panache Health,https://economictimes.indiatimes.com/magazines/panache/health,health,37,Lupin launches fixed-dose triple combination inhaler for COPD in India,https://economictimes.indiatimes.com/articleshow/134727570.cms,2026-10-06T08:30:41+00:00
ET Panache Health,https://economictimes.indiatimes.com/magazines/panache/health,health,38,Ambani’s Jio said to seek about Rs 11 lakh crore valuation in IPO,https://economictimes.indiatimes.com/articleshow/134727599.cms,2026-10-06T08:30:41+00:00
ET Panache Health,https://economictimes.indiatimes.com/magazines/panache/health,health,39,"GST 2.0: From stuck tax credit to fewer disputes, industry chambers list key reform demands",https://economictimes.indiatimes.com/articleshow/134726900.cms,2026-10-06T08:30:41+00:00
ET Panache Health,https://economictimes.indiatimes.com/magazines/panache/health,health,40,"SRIT India shares hit 5% upper circuit after strong debut, jump 19% from IPO price. Should you buy, sell or hold?",https://economictimes.indiatimes.com/articleshow/134727442.cms,2026-10-06T08:30:41+00:00
ET Panache Health,https://economictimes.indiatimes.com/magazines/panache/health,health,41,"Govt notifies 375 permissible works under VB-G RAM G, expands scope by 41 per cent",https://economictimes.indiatimes.com/articleshow/134727699.cms,2026-10-06T08:30:41+00:00
ET Panache Health,https://economictimes.indiatimes.com/magazines/panache/health,health,42,"BRS demands ED probe into Telangana CM Revanth Reddy's family assets, business dealings",https://economictimes.indiatimes.com/articleshow/134727583.cms,2026-10-06T08:30:41+00:00
ET Panache Health,https://economictimes.indiatimes.com/magazines/panache/health,health,43,"Britain likely to expel Israeli diplomats if Jerusalem consulate closes, sources say",https://economictimes.indiatimes.com/articleshow/134727384.cms,2026-10-06T08:30:41+00:00
ET Panache Health,https://economictimes.indiatimes.com/magazines/panache/health,health,44,"if(typeof objAd !=""undefined""){ objAd.loadAds(); } 255 elephants saved from train collisions: How Railways is using 'Plan Bee' to keep elephants off tracks",https://economictimes.indiatimes.com/articleshow/134688428.cms,2026-10-06T08:30:41+00:00
ET Panache Health,https://economictimes.indiatimes.com/magazines/panache/health,health,45,Railway research arm asked for probe after Shatabdi engine wheel skids on wet rails during emergency braking,https://economictimes.indiatimes.com/articleshow/134706890.cms,2026-10-06T08:30:41+00:00
ET Panache Health,https://economictimes.indiatimes.com/magazines/panache/health,health,46,"if(typeof objAd !=""undefined""){ objAd.loadAds(); } SC issues notice to Centre, EC on plea seeking CEC Gyanesh Kumar’s suspension, may annul decisions if they breached law",https://economictimes.indiatimes.com/articleshow/134689510.cms,2026-10-06T08:30:41+00:00
ET Panache Health,https://economictimes.indiatimes.com/magazines/panache/health,health,47,"if(typeof objAd !=""undefined""){ objAd.loadAds(); } Rupee headed to 100? How much the psychological red line matters",https://economictimes.indiatimes.com/articleshow/134692130.cms,2026-10-06T08:30:41+00:00
ET Panache Health,https://economictimes.indiatimes.com/magazines/panache/health,health,48,"if(typeof objAd !=""undefined""){ objAd.loadAds(); } China’s loss could be India’s gain as Japan Inc sours on China",https://economictimes.indiatimes.com/articleshow/134710075.cms,2026-10-06T08:30:41+00:00
ET Panache Health,https://economictimes.indiatimes.com/magazines/panache/health,health,49,"if(typeof objAd !=""undefined""){ objAd.loadAds(); } Vedanta dividend countdown: Anil Agarwal-led company to consider first FY27 payout on October 8",https://economictimes.indiatimes.com/articleshow/134711376.cms,2026-10-06T08:30:41+00:00
ET Panache Health,https://economictimes.indiatimes.com/magazines/panache/health,health,50,"if(typeof objAd !=""undefined""){ objAd.loadAds(); } Honda targets 20% cost cuts, faster car development in India with Tata Technologies: Report",https://economictimes.indiatimes.com/articleshow/134688084.cms,2026-10-06T08:30:41+00:00
ET Panache Health,https://economictimes.indiatimes.com/magazines/panache/health,health,51,"Established beyond doubt Gyanesh Kumar changed Form 6 illegally, unilaterally: Rahul Gandhi",https://economictimes.indiatimes.com/articleshow/134702277.cms,2026-10-06T08:30:41+00:00
ET Panache Health,https://economictimes.indiatimes.com/magazines/panache/health,health,52,QR code in red envelope leads to “invite-only” Instagram page: What we know so far,https://economictimes.indiatimes.com/articleshow/121338235.cms,2026-10-06T08:30:41+00:00
ET Panache Health,https://economictimes.indiatimes.com/magazines/panache/health,health,53,"if(typeof objAd !=""undefined""){ objAd.loadAds(); } Nifty’s ailing warhorse HDFC Bank gets an all-rounder CEO. Can Anup Bagchi make the elephant dance?",https://economictimes.indiatimes.com/articleshow/134687302.cms,2026-10-06T08:30:41+00:00
ET Panache Health,https://economictimes.indiatimes.com/magazines/panache/health,health,54,"if(typeof objAd !=""undefined""){ objAd.loadAds(); } India-US trade talks hit a plateau, with little room left to give or take, says Finance Minister Nirmala Sitharaman",https://economictimes.indiatimes.com/articleshow/134685869.cms,2026-10-06T08:30:41+00:00
ET Panache Health,https://economictimes.indiatimes.com/magazines/panache/health,health,55,"'If he has any sense of shame, Gyanesh Kumar must quit right away': Congress' Jairam Ramesh reiterates demand for CEC's resignation",https://economictimes.indiatimes.com/articleshow/134685213.cms,2026-10-06T08:30:41+00:00
ET Panache Health,https://economictimes.indiatimes.com/magazines/panache/health,health,56,"if(typeof objAd !=""undefined""){ objAd.loadAds(); } Double trouble at the dinner table: When will food prices normalise for Indians?",https://economictimes.indiatimes.com/articleshow/134611076.cms,2026-10-06T08:30:41+00:00
ET Panache Health,https://economictimes.indiatimes.com/magazines/panache/health,health,57,"Go to Horoscope Tomorrow, October 7, 2026 Page",https://economictimes.indiatimes.com/articleshow/134725947.cms,2026-10-06T08:30:41+00:00
ET Panache Health,https://economictimes.indiatimes.com/magazines/panache/health,health,58,"Go to Horoscope Today, October 6, 2026 Page",https://economictimes.indiatimes.com/articleshow/134711438.cms,2026-10-06T08:30:41+00:00
ET Panache Health,https://economictimes.indiatimes.com/magazines/panache/health,health,59,Go to Smit Machchhar Page,https://economictimes.indiatimes.com/articleshow/134606164.cms,2026-10-06T08:30:41+00:00
ET Panache Health,https://economictimes.indiatimes.com/magazines/panache/health,health,60,Go to Social Security October Payment Page,https://economictimes.indiatimes.com/articleshow/134596120.cms,2026-10-06T08:30:41+00:00
ET Panache Health,https://economictimes.indiatimes.com/magazines/panache/health,health,61,Go to Silver rate today Page,https://economictimes.indiatimes.com/articleshow/134596918.cms,2026-10-06T08:30:41+00:00
ET Panache Health,https://economictimes.indiatimes.com/magazines/panache/health,health,62,Go to Social Security New Bill Page,https://economictimes.indiatimes.com/articleshow/134595403.cms,2026-10-06T08:30:41+00:00
ET Panache Health,https://economictimes.indiatimes.com/magazines/panache/health,health,63,Go to gold price Today Page,https://economictimes.indiatimes.com/articleshow/134595522.cms,2026-10-06T08:30:41+00:00
ET Panache Health,https://economictimes.indiatimes.com/magazines/panache/health,health,64,Go to Spotify down Page,https://economictimes.indiatimes.com/articleshow/134569732.cms,2026-10-06T08:30:41+00:00
ET Panache Health,https://economictimes.indiatimes.com/magazines/panache/health,health,65,Go to 22K Gold rate today Page,https://economictimes.indiatimes.com/articleshow/134534249.cms,2026-10-06T08:30:41+00:00
ET Panache Health,https://economictimes.indiatimes.com/magazines/panache/health,health,66,Go to Bank strike tomorrow Page,https://economictimes.indiatimes.com/articleshow/134521043.cms,2026-10-06T08:30:41+00:00
ET Panache Health,https://economictimes.indiatimes.com/magazines/panache/health,health,67,"Go to Horoscope Tomorrow, September 28, 2026 Page",https://economictimes.indiatimes.com/articleshow/134516475.cms,2026-10-06T08:30:41+00:00
ET Panache Health,https://economictimes.indiatimes.com/magazines/panache/health,health,68,Go to Lonzo Ball Page,https://economictimes.indiatimes.com/articleshow/134443496.cms,2026-10-06T08:30:41+00:00
ET Panache Health,https://economictimes.indiatimes.com/magazines/panache/health,health,69,Go to Bitcoin price today Page,https://economictimes.indiatimes.com/articleshow/134442019.cms,2026-10-06T08:30:41+00:00
ET Panache Health,https://economictimes.indiatimes.com/magazines/panache/health,health,70,Go to Presley Gerber Death Case Page,https://economictimes.indiatimes.com/articleshow/134425955.cms,2026-10-06T08:30:41+00:00
ET Panache Health,https://economictimes.indiatimes.com/magazines/panache/health,health,71,Go to Happy Ganesh Chaturthi Wishes Page,https://economictimes.indiatimes.com/articleshow/134230808.cms,2026-10-06T08:30:41+00:00
ET Panache Health,https://economictimes.indiatimes.com/magazines/panache/health,health,72,Go to Maggie Smith News Page,https://economictimes.indiatimes.com/articleshow/113743204.cms,2026-10-06T08:30:41+00:00
ET Panache Health,https://economictimes.indiatimes.com/magazines/panache/health,health,73,Go to Sunita Williams Space Station Routine Page,https://economictimes.indiatimes.com/articleshow/113340209.cms,2026-10-06T08:30:41+00:00
ET Panache Health,https://economictimes.indiatimes.com/magazines/panache/health,health,74,Go to Cristiano Ronaldo Youtube Channel Page,https://economictimes.indiatimes.com/articleshow/112701776.cms,2026-10-06T08:30:41+00:00
ET Panache Health,https://economictimes.indiatimes.com/magazines/panache/health,health,75,Go to Who is Miles Routledge Page,https://economictimes.indiatimes.com/articleshow/112706059.cms,2026-10-06T08:30:41+00:00
ET Panache Health,https://economictimes.indiatimes.com/magazines/panache/health,health,76,Go to Isha Ambani Lehenga Page,https://economictimes.indiatimes.com/articleshow/111678035.cms,2026-10-06T08:30:41+00:00
ET Panache Health,https://economictimes.indiatimes.com/magazines/panache/health,health,77,Ukrainian aerospace engineer Anastasia Sevriukova preserved her eggs to have children after her life changed following stage 4 colon cancer diagnosis at 25,https://economictimes.indiatimes.com/articleshow/134727206.cms,2026-10-06T08:30:41+00:00
ET Panache Health,https://economictimes.indiatimes.com/magazines/panache/health,health,78,"Abhishek Sharma, Shubhman Gill shortlisted for ICC Men’s Player of the Month for September",https://economictimes.indiatimes.com/articleshow/134726482.cms,2026-10-06T08:30:41+00:00
ET Panache Health,https://economictimes.indiatimes.com/magazines/panache/health,health,79,"Why junk bonds deliver equity-like returns but with far inferior volatility, explains Saurabh Mukherjea",https://economictimes.indiatimes.com/articleshow/134727904.cms,2026-10-06T08:30:41+00:00
ET Panache Health,https://economictimes.indiatimes.com/magazines/panache/health,health,80,Global Market: BOJ seen nearing 2% inflation target as markets eye December rate hike,https://economictimes.indiatimes.com/articleshow/134727754.cms,2026-10-06T08:30:41+00:00
ET Panache Health,https://economictimes.indiatimes.com/magazines/panache/health,health,81,"Meesho shares jump 6% as content commerce NMV grows 152% in Q2. Buy, sell or hold the stock?",https://economictimes.indiatimes.com/articleshow/134728099.cms,2026-10-06T08:30:41+00:00
ET Panache Health,https://economictimes.indiatimes.com/magazines/panache/health,health,82,"Who is Nidal Hasan? Donald Trump orders firing squad for gunman who killed 13 people at Fort Hood, Texas",https://economictimes.indiatimes.com/articleshow/134728148.cms,2026-10-06T08:30:41+00:00
ET Panache Health,https://economictimes.indiatimes.com/magazines/panache/health,health,83,"14-year-old UP boy leaves home to complete PUBG task promising Rs 1 lakh, found asleep on bus three days later",https://economictimes.indiatimes.com/articleshow/134726901.cms,2026-10-06T08:30:41+00:00
ET Panache Health,https://economictimes.indiatimes.com/magazines/panache/health,health,84,UK probes Meta over safety risks of Instagram Instants feature,https://economictimes.indiatimes.com/articleshow/134728159.cms,2026-10-06T08:30:41+00:00
ET Panache Lifestyle,https://economictimes.indiatimes.com/magazines/panache/lifestyle,lifestyle,1,"Rs 25,000 rent, Rs 78,500 monthly expenses: Bengaluru woman reveals why it’s difficult to be ‘financially responsible’ in the city",https://economictimes.indiatimes.com/articleshow/134728657.cms,2026-10-06T08:30:41+00:00
ET Panache Lifestyle,https://economictimes.indiatimes.com/magazines/panache/lifestyle,lifestyle,2,"In 1997, Gujarat man quit his job to sell vada pav for Rs 2.50 outside a posh bungalow. 30 years later, he owns the house but still runs his street-side cart",https://economictimes.indiatimes.com/articleshow/134727232.cms,2026-10-06T08:30:41+00:00
ET Panache Lifestyle,https://economictimes.indiatimes.com/magazines/panache/lifestyle,lifestyle,3,"Virginia couple transforms 1-acre backyard into mini state park. Their $600 garden now attracts hummingbirds, bees, butterflies and wildlife.",https://economictimes.indiatimes.com/articleshow/134724093.cms,2026-10-06T08:30:41+00:00
ET Panache Lifestyle,https://economictimes.indiatimes.com/magazines/panache/lifestyle,lifestyle,4,Why eating the same vegetables isn’t enough: Celebrity nutritionist shares 3 ways to support gut health,https://economictimes.indiatimes.com/articleshow/134716428.cms,2026-10-06T08:30:41+00:00
ET Panache Lifestyle,https://economictimes.indiatimes.com/magazines/panache/lifestyle,lifestyle,5,"Florida collector found a Moon rock at garage sale, refused to mail it, later hand-delivered it to Louisiana museum",https://economictimes.indiatimes.com/articleshow/134710181.cms,2026-10-06T08:30:41+00:00
ET Panache Lifestyle,https://economictimes.indiatimes.com/magazines/panache/lifestyle,lifestyle,6,"No dairy, only 3 ingredients: Mumbai nutritionist shares easy pumpkin seed milk recipe with 2g protein per 100 ml",https://economictimes.indiatimes.com/articleshow/134707824.cms,2026-10-06T08:30:41+00:00
ET Panache Lifestyle,https://economictimes.indiatimes.com/magazines/panache/lifestyle,lifestyle,7,"No cement, 450 homes, Rs 7 lakh each: How Gujarat couple turned factory waste into bricks, cutting construction time to just 30 days",https://economictimes.indiatimes.com/articleshow/134706729.cms,2026-10-06T08:30:41+00:00
ET Panache Lifestyle,https://economictimes.indiatimes.com/magazines/panache/lifestyle,lifestyle,8,"New York homeowner finds huge fossil teeth while mowing lawn; excavation revealed rare 11,000-year-old mastodon jaw, which will help study Ice Age ecosystem",https://economictimes.indiatimes.com/articleshow/134701987.cms,2026-10-06T08:30:41+00:00
ET Panache Lifestyle,https://economictimes.indiatimes.com/magazines/panache/lifestyle,lifestyle,9,Bengaluru man jokes how potholes can peel boiled eggs during auto rides. His witty dig gets a hilarious response. ‘Same can be applied to rice and curry.’,https://economictimes.indiatimes.com/articleshow/134702343.cms,2026-10-06T08:30:41+00:00
ET Panache Lifestyle,https://economictimes.indiatimes.com/magazines/panache/lifestyle,lifestyle,10,"Ankur Warikoo reveals why he bought his first house at 40, not 25. ‘Life had settled’",https://economictimes.indiatimes.com/articleshow/134696144.cms,2026-10-06T08:30:41+00:00
ET Panache Lifestyle,https://economictimes.indiatimes.com/magazines/panache/lifestyle,lifestyle,11,Actress Fatima Sana Shaikh’s 350 cc Royal Enfield bike gets a bobber makeover: What makes this motorcycle different,https://economictimes.indiatimes.com/articleshow/134693452.cms,2026-10-06T08:30:41+00:00
ET Panache Lifestyle,https://economictimes.indiatimes.com/magazines/panache/lifestyle,lifestyle,12,"Anand Mahindra discovers Kota's 'AI' like beautiful destination beyond coaching centres, adds it to his 'Wanderer list'",https://economictimes.indiatimes.com/articleshow/134674342.cms,2026-10-06T08:30:41+00:00
ET Panache Lifestyle,https://economictimes.indiatimes.com/magazines/panache/lifestyle,lifestyle,13,Prince Harry spotted at quiet English pub with Meghan Markle; Why their low-key night out is making headlines,https://economictimes.indiatimes.com/articleshow/134673650.cms,2026-10-06T08:30:41+00:00
ET Panache Lifestyle,https://economictimes.indiatimes.com/magazines/panache/lifestyle,lifestyle,14,Gen Alpha slang or a new generation gap: From 'Crine' to 'Scuba'. What words are adults Googling in 2026 for teen vocabulary,https://economictimes.indiatimes.com/articleshow/134672340.cms,2026-10-06T08:30:41+00:00
ET Panache Lifestyle,https://economictimes.indiatimes.com/magazines/panache/lifestyle,lifestyle,15,"Vande Bharat Sleeper vs Rajdhani train food menu full comparison: Check meal prices and breakfast, lunch, dinner options",https://economictimes.indiatimes.com/articleshow/134664045.cms,2026-10-06T08:30:41+00:00
ET Panache Lifestyle,https://economictimes.indiatimes.com/magazines/panache/lifestyle,lifestyle,16,Actor Michael Sheen sold his two homes in 2019 for social causes when he fell short on money. He even helped write off debt of 900 people worth $1.3 million,https://economictimes.indiatimes.com/articleshow/134664110.cms,2026-10-06T08:30:41+00:00
ET Panache Lifestyle,https://economictimes.indiatimes.com/magazines/panache/lifestyle,lifestyle,17,"Science says people who use non dominant hand to brush teeth, have found a way to exercise brain and improve creativity that costs nothing",https://economictimes.indiatimes.com/articleshow/134662440.cms,2026-10-06T08:30:41+00:00
ET Panache Lifestyle,https://economictimes.indiatimes.com/magazines/panache/lifestyle,lifestyle,18,Gorilla rescued as an orphan from traffickers gives birth in Congo's Virunga National Park: Why baby matters for the endangered primate,https://economictimes.indiatimes.com/articleshow/134661390.cms,2026-10-06T08:30:41+00:00
ET Panache Lifestyle,https://economictimes.indiatimes.com/magazines/panache/lifestyle,lifestyle,19,Outer Banks Season 5 OTT release,https://economictimes.indiatimes.com/articleshow/133312195.cms,2026-10-06T08:30:41+00:00
ET Panache Lifestyle,https://economictimes.indiatimes.com/magazines/panache/lifestyle,lifestyle,20,Pushpa 2 Online Leaked,https://economictimes.indiatimes.com/articleshow/115993157.cms,2026-10-06T08:30:41+00:00
ET Panache Lifestyle,https://economictimes.indiatimes.com/magazines/panache/lifestyle,lifestyle,21,Google Doodle Staurikosaurus,https://economictimes.indiatimes.com/articleshow/114370181.cms,2026-10-06T08:30:41+00:00
ET Panache Lifestyle,https://economictimes.indiatimes.com/magazines/panache/lifestyle,lifestyle,22,Google rejects‘too good’employee,https://economictimes.indiatimes.com/articleshow/114371359.cms,2026-10-06T08:30:41+00:00
ET Panache Lifestyle,https://economictimes.indiatimes.com/magazines/panache/lifestyle,lifestyle,23,Priyanka flashes belly button rings,https://economictimes.indiatimes.com/articleshow/114372935.cms,2026-10-06T08:30:41+00:00
ET Panache Lifestyle,https://economictimes.indiatimes.com/magazines/panache/lifestyle,lifestyle,24,Amid Lawrence Bishnoi,https://economictimes.indiatimes.com/articleshow/114367306.cms,2026-10-06T08:30:41+00:00
ET Panache Lifestyle,https://economictimes.indiatimes.com/magazines/panache/lifestyle,lifestyle,25,Varun Dhawan Samantha,https://economictimes.indiatimes.com/articleshow/114368753.cms,2026-10-06T08:30:41+00:00
ET Panache Lifestyle,https://economictimes.indiatimes.com/magazines/panache/lifestyle,lifestyle,26,Akshay Kumar COVID News,https://economictimes.indiatimes.com/articleshow/111685146.cms,2026-10-06T08:30:41+00:00
ET Panache Lifestyle,https://economictimes.indiatimes.com/magazines/panache/lifestyle,lifestyle,27,Sarfira Movie Review,https://economictimes.indiatimes.com/articleshow/111677493.cms,2026-10-06T08:30:41+00:00
ET Panache Lifestyle,https://economictimes.indiatimes.com/magazines/panache/lifestyle,lifestyle,28,Cristiano Ronaldo Retirement,https://economictimes.indiatimes.com/articleshow/111438820.cms,2026-10-06T08:30:41+00:00
ET Panache Lifestyle,https://economictimes.indiatimes.com/magazines/panache/lifestyle,lifestyle,29,Sonakshi Sinha Wedding,https://economictimes.indiatimes.com/articleshow/111203848.cms,2026-10-06T08:30:41+00:00
ET Panache Lifestyle,https://economictimes.indiatimes.com/magazines/panache/lifestyle,lifestyle,30,Sania Mirza Mohammed Shami,https://economictimes.indiatimes.com/articleshow/111157002.cms,2026-10-06T08:30:41+00:00
ET Panache Lifestyle,https://economictimes.indiatimes.com/magazines/panache/lifestyle,lifestyle,31,Bigg Boss OTT 3,https://economictimes.indiatimes.com/articleshow/111104026.cms,2026-10-06T08:30:41+00:00
ET Panache Lifestyle,https://economictimes.indiatimes.com/magazines/panache/lifestyle,lifestyle,32,Panchayat Season 3 OTT Release,https://economictimes.indiatimes.com/articleshow/110140474.cms,2026-10-06T08:30:41+00:00
ET Panache Lifestyle,https://economictimes.indiatimes.com/magazines/panache/lifestyle,lifestyle,33,Cannes 2024 Live Streaming,https://economictimes.indiatimes.com/articleshow/110116799.cms,2026-10-06T08:30:41+00:00
ET Panache Lifestyle,https://economictimes.indiatimes.com/magazines/panache/lifestyle,lifestyle,34,Pavitra Jayaram Death,https://economictimes.indiatimes.com/articleshow/110069299.cms,2026-10-06T08:30:41+00:00
ET Panache Lifestyle,https://economictimes.indiatimes.com/magazines/panache/lifestyle,lifestyle,35,Rituraj Singh Death,https://economictimes.indiatimes.com/articleshow/107842242.cms,2026-10-06T08:30:41+00:00
ET Panache Lifestyle,https://economictimes.indiatimes.com/magazines/panache/lifestyle,lifestyle,36,"BRS demands ED probe into Telangana CM Revanth Reddy's family assets, business dealings",https://economictimes.indiatimes.com/articleshow/134727583.cms,2026-10-06T08:30:41+00:00
ET Panache Lifestyle,https://economictimes.indiatimes.com/magazines/panache/lifestyle,lifestyle,37,"Britain likely to expel Israeli diplomats if Jerusalem consulate closes, sources say",https://economictimes.indiatimes.com/articleshow/134727384.cms,2026-10-06T08:30:41+00:00
ET Panache Lifestyle,https://economictimes.indiatimes.com/magazines/panache/lifestyle,lifestyle,38,Ukrainian aerospace engineer Anastasia Sevriukova preserved her eggs to have children after her life changed following stage 4 colon cancer diagnosis at 25,https://economictimes.indiatimes.com/articleshow/134727206.cms,2026-10-06T08:30:41+00:00
ET Panache Lifestyle,https://economictimes.indiatimes.com/magazines/panache/lifestyle,lifestyle,39,"Abhishek Sharma, Shubhman Gill shortlisted for ICC Men’s Player of the Month for September",https://economictimes.indiatimes.com/articleshow/134726482.cms,2026-10-06T08:30:41+00:00
ET Panache Lifestyle,https://economictimes.indiatimes.com/magazines/panache/lifestyle,lifestyle,40,"GST 2.0: From stuck tax credit to fewer disputes, industry chambers list key reform demands",https://economictimes.indiatimes.com/articleshow/134726900.cms,2026-10-06T08:30:41+00:00
ET Panache Lifestyle,https://economictimes.indiatimes.com/magazines/panache/lifestyle,lifestyle,41,Ambani’s Jio said to seek about Rs 11 lakh crore valuation in IPO,https://economictimes.indiatimes.com/articleshow/134727599.cms,2026-10-06T08:30:41+00:00
ET Panache Lifestyle,https://economictimes.indiatimes.com/magazines/panache/lifestyle,lifestyle,42,Lupin launches fixed-dose triple combination inhaler for COPD in India,https://economictimes.indiatimes.com/articleshow/134727570.cms,2026-10-06T08:30:41+00:00
ET Panache Lifestyle,https://economictimes.indiatimes.com/magazines/panache/lifestyle,lifestyle,43,"if(typeof objAd !=""undefined""){ objAd.loadAds(); } 255 elephants saved from train collisions: How Railways is using 'Plan Bee' to keep elephants off tracks",https://economictimes.indiatimes.com/articleshow/134688428.cms,2026-10-06T08:30:41+00:00
ET Panache Lifestyle,https://economictimes.indiatimes.com/magazines/panache/lifestyle,lifestyle,44,Railway research arm asked for probe after Shatabdi engine wheel skids on wet rails during emergency braking,https://economictimes.indiatimes.com/articleshow/134706890.cms,2026-10-06T08:30:41+00:00
ET Panache Lifestyle,https://economictimes.indiatimes.com/magazines/panache/lifestyle,lifestyle,45,"if(typeof objAd !=""undefined""){ objAd.loadAds(); } SC issues notice to Centre, EC on plea seeking CEC Gyanesh Kumar’s suspension, may annul decisions if they breached law",https://economictimes.indiatimes.com/articleshow/134689510.cms,2026-10-06T08:30:41+00:00
ET Panache Lifestyle,https://economictimes.indiatimes.com/magazines/panache/lifestyle,lifestyle,46,"if(typeof objAd !=""undefined""){ objAd.loadAds(); } Rupee headed to 100? How much the psychological red line matters",https://economictimes.indiatimes.com/articleshow/134692130.cms,2026-10-06T08:30:41+00:00
ET Panache Lifestyle,https://economictimes.indiatimes.com/magazines/panache/lifestyle,lifestyle,47,"if(typeof objAd !=""undefined""){ objAd.loadAds(); } China’s loss could be India’s gain as Japan Inc sours on China",https://economictimes.indiatimes.com/articleshow/134710075.cms,2026-10-06T08:30:41+00:00
ET Panache Lifestyle,https://economictimes.indiatimes.com/magazines/panache/lifestyle,lifestyle,48,"if(typeof objAd !=""undefined""){ objAd.loadAds(); } Vedanta dividend countdown: Anil Agarwal-led company to consider first FY27 payout on October 8",https://economictimes.indiatimes.com/articleshow/134711376.cms,2026-10-06T08:30:41+00:00
ET Panache Lifestyle,https://economictimes.indiatimes.com/magazines/panache/lifestyle,lifestyle,49,"if(typeof objAd !=""undefined""){ objAd.loadAds(); } Honda targets 20% cost cuts, faster car development in India with Tata Technologies: Report",https://economictimes.indiatimes.com/articleshow/134688084.cms,2026-10-06T08:30:41+00:00
ET Panache Lifestyle,https://economictimes.indiatimes.com/magazines/panache/lifestyle,lifestyle,50,"Established beyond doubt Gyanesh Kumar changed Form 6 illegally, unilaterally: Rahul Gandhi",https://economictimes.indiatimes.com/articleshow/134702277.cms,2026-10-06T08:30:41+00:00
ET Panache Lifestyle,https://economictimes.indiatimes.com/magazines/panache/lifestyle,lifestyle,51,QR code in red envelope leads to “invite-only” Instagram page: What we know so far,https://economictimes.indiatimes.com/articleshow/121338235.cms,2026-10-06T08:30:41+00:00
ET Panache Lifestyle,https://economictimes.indiatimes.com/magazines/panache/lifestyle,lifestyle,52,"if(typeof objAd !=""undefined""){ objAd.loadAds(); } Nifty’s ailing warhorse HDFC Bank gets an all-rounder CEO. Can Anup Bagchi make the elephant dance?",https://economictimes.indiatimes.com/articleshow/134687302.cms,2026-10-06T08:30:41+00:00
ET Panache Lifestyle,https://economictimes.indiatimes.com/magazines/panache/lifestyle,lifestyle,53,"if(typeof objAd !=""undefined""){ objAd.loadAds(); } India-US trade talks hit a plateau, with little room left to give or take, says Finance Minister Nirmala Sitharaman",https://economictimes.indiatimes.com/articleshow/134685869.cms,2026-10-06T08:30:41+00:00
ET Panache Lifestyle,https://economictimes.indiatimes.com/magazines/panache/lifestyle,lifestyle,54,"'If he has any sense of shame, Gyanesh Kumar must quit right away': Congress' Jairam Ramesh reiterates demand for CEC's resignation",https://economictimes.indiatimes.com/articleshow/134685213.cms,2026-10-06T08:30:41+00:00
ET Panache Lifestyle,https://economictimes.indiatimes.com/magazines/panache/lifestyle,lifestyle,55,"if(typeof objAd !=""undefined""){ objAd.loadAds(); } Double trouble at the dinner table: When will food prices normalise for Indians?",https://economictimes.indiatimes.com/articleshow/134611076.cms,2026-10-06T08:30:41+00:00
ET Panache Lifestyle,https://economictimes.indiatimes.com/magazines/panache/lifestyle,lifestyle,56,"Go to Horoscope Tomorrow, October 7, 2026 Page",https://economictimes.indiatimes.com/articleshow/134725947.cms,2026-10-06T08:30:41+00:00
ET Panache Lifestyle,https://economictimes.indiatimes.com/magazines/panache/lifestyle,lifestyle,57,"Go to Horoscope Today, October 6, 2026 Page",https://economictimes.indiatimes.com/articleshow/134711438.cms,2026-10-06T08:30:41+00:00
ET Panache Lifestyle,https://economictimes.indiatimes.com/magazines/panache/lifestyle,lifestyle,58,Go to Smit Machchhar Page,https://economictimes.indiatimes.com/articleshow/134606164.cms,2026-10-06T08:30:41+00:00
ET Panache Lifestyle,https://economictimes.indiatimes.com/magazines/panache/lifestyle,lifestyle,59,Go to Social Security October Payment Page,https://economictimes.indiatimes.com/articleshow/134596120.cms,2026-10-06T08:30:41+00:00
ET Panache Lifestyle,https://economictimes.indiatimes.com/magazines/panache/lifestyle,lifestyle,60,Go to Silver rate today Page,https://economictimes.indiatimes.com/articleshow/134596918.cms,2026-10-06T08:30:41+00:00
ET Panache Lifestyle,https://economictimes.indiatimes.com/magazines/panache/lifestyle,lifestyle,61,Go to Social Security New Bill Page,https://economictimes.indiatimes.com/articleshow/134595403.cms,2026-10-06T08:30:41+00:00
ET Panache Lifestyle,https://economictimes.indiatimes.com/magazines/panache/lifestyle,lifestyle,62,Go to gold price Today Page,https://economictimes.indiatimes.com/articleshow/134595522.cms,2026-10-06T08:30:41+00:00
ET Panache Lifestyle,https://economictimes.indiatimes.com/magazines/panache/lifestyle,lifestyle,63,Go to Spotify down Page,https://economictimes.indiatimes.com/articleshow/134569732.cms,2026-10-06T08:30:41+00:00
ET Panache Lifestyle,https://economictimes.indiatimes.com/magazines/panache/lifestyle,lifestyle,64,Go to 22K Gold rate today Page,https://economictimes.indiatimes.com/articleshow/134534249.cms,2026-10-06T08:30:41+00:00
ET Panache Lifestyle,https://economictimes.indiatimes.com/magazines/panache/lifestyle,lifestyle,65,Go to Bank strike tomorrow Page,https://economictimes.indiatimes.com/articleshow/134521043.cms,2026-10-06T08:30:41+00:00
ET Panache Lifestyle,https://economictimes.indiatimes.com/magazines/panache/lifestyle,lifestyle,66,"Go to Horoscope Tomorrow, September 28, 2026 Page",https://economictimes.indiatimes.com/articleshow/134516475.cms,2026-10-06T08:30:41+00:00
ET Panache Lifestyle,https://economictimes.indiatimes.com/magazines/panache/lifestyle,lifestyle,67,Go to Lonzo Ball Page,https://economictimes.indiatimes.com/articleshow/134443496.cms,2026-10-06T08:30:41+00:00
ET Panache Lifestyle,https://economictimes.indiatimes.com/magazines/panache/lifestyle,lifestyle,68,Go to Bitcoin price today Page,https://economictimes.indiatimes.com/articleshow/134442019.cms,2026-10-06T08:30:41+00:00
ET Panache Lifestyle,https://economictimes.indiatimes.com/magazines/panache/lifestyle,lifestyle,69,Go to Presley Gerber Death Case Page,https://economictimes.indiatimes.com/articleshow/134425955.cms,2026-10-06T08:30:41+00:00
ET Panache Lifestyle,https://economictimes.indiatimes.com/magazines/panache/lifestyle,lifestyle,70,Go to Happy Ganesh Chaturthi Wishes Page,https://economictimes.indiatimes.com/articleshow/134230808.cms,2026-10-06T08:30:41+00:00
ET Panache Lifestyle,https://economictimes.indiatimes.com/magazines/panache/lifestyle,lifestyle,71,Go to Maggie Smith News Page,https://economictimes.indiatimes.com/articleshow/113743204.cms,2026-10-06T08:30:41+00:00
ET Panache Lifestyle,https://economictimes.indiatimes.com/magazines/panache/lifestyle,lifestyle,72,Go to Sunita Williams Space Station Routine Page,https://economictimes.indiatimes.com/articleshow/113340209.cms,2026-10-06T08:30:41+00:00
ET Panache Lifestyle,https://economictimes.indiatimes.com/magazines/panache/lifestyle,lifestyle,73,Go to Cristiano Ronaldo Youtube Channel Page,https://economictimes.indiatimes.com/articleshow/112701776.cms,2026-10-06T08:30:41+00:00
ET Panache Lifestyle,https://economictimes.indiatimes.com/magazines/panache/lifestyle,lifestyle,74,Go to Who is Miles Routledge Page,https://economictimes.indiatimes.com/articleshow/112706059.cms,2026-10-06T08:30:41+00:00
ET Panache Lifestyle,https://economictimes.indiatimes.com/magazines/panache/lifestyle,lifestyle,75,Go to Isha Ambani Lehenga Page,https://economictimes.indiatimes.com/articleshow/111678035.cms,2026-10-06T08:30:41+00:00
ET Panache Lifestyle,https://economictimes.indiatimes.com/magazines/panache/lifestyle,lifestyle,76,"SRIT India shares hit 5% upper circuit after strong debut, jump 19% from IPO price. Should you buy, sell or hold?",https://economictimes.indiatimes.com/articleshow/134727442.cms,2026-10-06T08:30:41+00:00
ET Panache Lifestyle,https://economictimes.indiatimes.com/magazines/panache/lifestyle,lifestyle,77,"Govt notifies 375 permissible works under VB-G RAM G, expands scope by 41 per cent",https://economictimes.indiatimes.com/articleshow/134727699.cms,2026-10-06T08:30:41+00:00
ET Panache Lifestyle,https://economictimes.indiatimes.com/magazines/panache/lifestyle,lifestyle,78,"Why junk bonds deliver equity-like returns but with far inferior volatility, explains Saurabh Mukherjea",https://economictimes.indiatimes.com/articleshow/134727904.cms,2026-10-06T08:30:41+00:00
ET Panache Lifestyle,https://economictimes.indiatimes.com/magazines/panache/lifestyle,lifestyle,79,Global Market: BOJ seen nearing 2% inflation target as markets eye December rate hike,https://economictimes.indiatimes.com/articleshow/134727754.cms,2026-10-06T08:30:41+00:00
ET Panache Lifestyle,https://economictimes.indiatimes.com/magazines/panache/lifestyle,lifestyle,80,"Meesho shares jump 6% as content commerce NMV grows 152% in Q2. Buy, sell or hold the stock?",https://economictimes.indiatimes.com/articleshow/134728099.cms,2026-10-06T08:30:41+00:00
ET Panache Lifestyle,https://economictimes.indiatimes.com/magazines/panache/lifestyle,lifestyle,81,"Who is Nidal Hasan? Donald Trump orders firing squad for gunman who killed 13 people at Fort Hood, Texas",https://economictimes.indiatimes.com/articleshow/134728148.cms,2026-10-06T08:30:41+00:00
ET Panache Lifestyle,https://economictimes.indiatimes.com/magazines/panache/lifestyle,lifestyle,82,"14-year-old UP boy leaves home to complete PUBG task promising Rs 1 lakh, found asleep on bus three days later",https://economictimes.indiatimes.com/articleshow/134726901.cms,2026-10-06T08:30:41+00:00
ET Panache Lifestyle,https://economictimes.indiatimes.com/magazines/panache/lifestyle,lifestyle,83,UK probes Meta over safety risks of Instagram Instants feature,https://economictimes.indiatimes.com/articleshow/134728159.cms,2026-10-06T08:30:41+00:00
ET Panache Worklife,https://economictimes.indiatimes.com/magazines/panache/worklife,worklife,1,Firstborn daughters may change male bosses’ hiring decisions: Chartered accountant explains why women could benefit at work,https://economictimes.indiatimes.com/articleshow/134677943.cms,2026-10-06T08:30:41+00:00
ET Panache Worklife,https://economictimes.indiatimes.com/magazines/panache/worklife,worklife,2,"Bengaluru techie left high paying job and Rs 30,000 rent to shift back to Hugli. Now he is eearning less, but living better, shares life lesson: 'Company brand doesn't matter if...'",https://economictimes.indiatimes.com/articleshow/134661484.cms,2026-10-06T08:30:41+00:00
ET Panache Worklife,https://economictimes.indiatimes.com/magazines/panache/worklife,worklife,3,"Stop showing your best performance in office: Follow the 80 percent rule instead, says career advisor to all corporate employees",https://economictimes.indiatimes.com/articleshow/134656784.cms,2026-10-06T08:30:41+00:00
ET Panache Worklife,https://economictimes.indiatimes.com/magazines/panache/worklife,worklife,4,"Manager demanded a doctor’s note for one sick day, employee reveals the trick that got them four days off instead of one in viral post: 'I will not be working if...'",https://economictimes.indiatimes.com/articleshow/134557176.cms,2026-10-06T08:30:41+00:00
ET Panache Worklife,https://economictimes.indiatimes.com/magazines/panache/worklife,worklife,5,"One answer to HR’s salary question can cost you the job or result in underpayment. Career coach says, 'Never say…'",https://economictimes.indiatimes.com/articleshow/134532126.cms,2026-10-06T08:30:41+00:00
ET Panache Worklife,https://economictimes.indiatimes.com/magazines/panache/worklife,worklife,6,19-year-old officer helps save Michigan sanitation worker after severe arm injury,https://economictimes.indiatimes.com/articleshow/134509454.cms,2026-10-06T08:30:41+00:00
ET Panache Worklife,https://economictimes.indiatimes.com/magazines/panache/worklife,worklife,7,"Iced coffee factor in job interviews: Gen Z's carrying this drink with them sends the wrong signal, warns recruiter with 16 year experience",https://economictimes.indiatimes.com/articleshow/134437698.cms,2026-10-06T08:30:41+00:00
ET Panache Worklife,https://economictimes.indiatimes.com/magazines/panache/worklife,worklife,8,Stop using 'big words' during job interviews: Candidate says this 'dumb' advice boosts up confidence during questions,https://economictimes.indiatimes.com/articleshow/134394247.cms,2026-10-06T08:30:41+00:00
ET Panache Worklife,https://economictimes.indiatimes.com/magazines/panache/worklife,worklife,9,"High-paying London criminal lawyer quits courtroom; enjoys life as professional dog walker, earns £400 daily",https://economictimes.indiatimes.com/articleshow/134392168.cms,2026-10-06T08:30:41+00:00
ET Panache Worklife,https://economictimes.indiatimes.com/magazines/panache/worklife,worklife,10,"Woman warns against sharing exact salary with everyone. Experts reveal pay conversations can help, but context matters",https://economictimes.indiatimes.com/articleshow/134391424.cms,2026-10-06T08:30:41+00:00
ET Panache Worklife,https://economictimes.indiatimes.com/magazines/panache/worklife,worklife,11,Salary increase strategy for '2x hike': 5 career mistakes to avoid that quietly keeps your income lower than your market value,https://economictimes.indiatimes.com/articleshow/134365843.cms,2026-10-06T08:30:41+00:00
ET Panache Worklife,https://economictimes.indiatimes.com/magazines/panache/worklife,worklife,12,IIM graduate reveals he has applied to over 250 jobs and been singlehandedly rejected: ‘Not one callback’,https://economictimes.indiatimes.com/articleshow/134357969.cms,2026-10-06T08:30:41+00:00
ET Panache Worklife,https://economictimes.indiatimes.com/magazines/panache/worklife,worklife,13,Gen Z rejected high-paying job at good company after almost two years of unemployment. One condition made her walk away: ‘I spent 2 years being drained….’,https://economictimes.indiatimes.com/articleshow/134354665.cms,2026-10-06T08:30:41+00:00
ET Panache Worklife,https://economictimes.indiatimes.com/magazines/panache/worklife,worklife,14,Job candidate arrives at interview 10 minutes early; CEO shows up one hour later. His reaction goes viral: ‘If this is how my time is treated…’,https://economictimes.indiatimes.com/articleshow/134352772.cms,2026-10-06T08:30:41+00:00
ET Panache Worklife,https://economictimes.indiatimes.com/magazines/panache/worklife,worklife,15,Bengaluru techie cheerfully resumes work at Google days after failing to bag the crown at the Miss Universe India finale. Who is Umanga Kumawat?,https://economictimes.indiatimes.com/articleshow/134263428.cms,2026-10-06T08:30:41+00:00
ET Panache Worklife,https://economictimes.indiatimes.com/magazines/panache/worklife,worklife,16,Job search tip: Stop selecting ‘Immediately’ as your joining date. Employee says this psychological trick brought 7 recruiter calls,https://economictimes.indiatimes.com/articleshow/134246558.cms,2026-10-06T08:30:41+00:00
ET Panache Worklife,https://economictimes.indiatimes.com/magazines/panache/worklife,worklife,17,Bosses do not promote hard working employees: Career coach explains the qualities they actually look for before promoting a worker,https://economictimes.indiatimes.com/articleshow/134199640.cms,2026-10-06T08:30:41+00:00
ET Panache Worklife,https://economictimes.indiatimes.com/magazines/panache/worklife,worklife,18,Employee was fired when AI dashboard recorded she was inactive for 14 minutes. What she did to get back at boss is going viral: ‘He’s explaining why he fired someone who works 6 times more…’,https://economictimes.indiatimes.com/articleshow/134183589.cms,2026-10-06T08:30:41+00:00
ET Panache Worklife,https://economictimes.indiatimes.com/magazines/panache/worklife,worklife,19,Outer Banks Season 5 OTT release,https://economictimes.indiatimes.com/articleshow/133312195.cms,2026-10-06T08:30:41+00:00
ET Panache Worklife,https://economictimes.indiatimes.com/magazines/panache/worklife,worklife,20,Pushpa 2 Online Leaked,https://economictimes.indiatimes.com/articleshow/115993157.cms,2026-10-06T08:30:41+00:00
ET Panache Worklife,https://economictimes.indiatimes.com/magazines/panache/worklife,worklife,21,Google Doodle Staurikosaurus,https://economictimes.indiatimes.com/articleshow/114370181.cms,2026-10-06T08:30:41+00:00
ET Panache Worklife,https://economictimes.indiatimes.com/magazines/panache/worklife,worklife,22,Google rejects‘too good’employee,https://economictimes.indiatimes.com/articleshow/114371359.cms,2026-10-06T08:30:41+00:00
ET Panache Worklife,https://economictimes.indiatimes.com/magazines/panache/worklife,worklife,23,Priyanka flashes belly button rings,https://economictimes.indiatimes.com/articleshow/114372935.cms,2026-10-06T08:30:41+00:00
ET Panache Worklife,https://economictimes.indiatimes.com/magazines/panache/worklife,worklife,24,Amid Lawrence Bishnoi,https://economictimes.indiatimes.com/articleshow/114367306.cms,2026-10-06T08:30:41+00:00
ET Panache Worklife,https://economictimes.indiatimes.com/magazines/panache/worklife,worklife,25,Varun Dhawan Samantha,https://economictimes.indiatimes.com/articleshow/114368753.cms,2026-10-06T08:30:41+00:00
ET Panache Worklife,https://economictimes.indiatimes.com/magazines/panache/worklife,worklife,26,Akshay Kumar COVID News,https://economictimes.indiatimes.com/articleshow/111685146.cms,2026-10-06T08:30:41+00:00
ET Panache Worklife,https://economictimes.indiatimes.com/magazines/panache/worklife,worklife,27,Sarfira Movie Review,https://economictimes.indiatimes.com/articleshow/111677493.cms,2026-10-06T08:30:41+00:00
ET Panache Worklife,https://economictimes.indiatimes.com/magazines/panache/worklife,worklife,28,Cristiano Ronaldo Retirement,https://economictimes.indiatimes.com/articleshow/111438820.cms,2026-10-06T08:30:41+00:00
ET Panache Worklife,https://economictimes.indiatimes.com/magazines/panache/worklife,worklife,29,Sonakshi Sinha Wedding,https://economictimes.indiatimes.com/articleshow/111203848.cms,2026-10-06T08:30:41+00:00
ET Panache Worklife,https://economictimes.indiatimes.com/magazines/panache/worklife,worklife,30,Sania Mirza Mohammed Shami,https://economictimes.indiatimes.com/articleshow/111157002.cms,2026-10-06T08:30:41+00:00
ET Panache Worklife,https://economictimes.indiatimes.com/magazines/panache/worklife,worklife,31,Bigg Boss OTT 3,https://economictimes.indiatimes.com/articleshow/111104026.cms,2026-10-06T08:30:41+00:00
ET Panache Worklife,https://economictimes.indiatimes.com/magazines/panache/worklife,worklife,32,Panchayat Season 3 OTT Release,https://economictimes.indiatimes.com/articleshow/110140474.cms,2026-10-06T08:30:41+00:00
ET Panache Worklife,https://economictimes.indiatimes.com/magazines/panache/worklife,worklife,33,Cannes 2024 Live Streaming,https://economictimes.indiatimes.com/articleshow/110116799.cms,2026-10-06T08:30:41+00:00
ET Panache Worklife,https://economictimes.indiatimes.com/magazines/panache/worklife,worklife,34,Pavitra Jayaram Death,https://economictimes.indiatimes.com/articleshow/110069299.cms,2026-10-06T08:30:41+00:00
ET Panache Worklife,https://economictimes.indiatimes.com/magazines/panache/worklife,worklife,35,Rituraj Singh Death,https://economictimes.indiatimes.com/articleshow/107842242.cms,2026-10-06T08:30:41+00:00
ET Panache Worklife,https://economictimes.indiatimes.com/magazines/panache/worklife,worklife,36,Dabur India expects double-digit revenue growth in Q2 FY27,https://economictimes.indiatimes.com/articleshow/134727198.cms,2026-10-06T08:30:41+00:00
ET Panache Worklife,https://economictimes.indiatimes.com/magazines/panache/worklife,worklife,37,"In 1997, Gujarat man quit his job to sell vada pav for Rs 2.50 outside a posh bungalow. 30 years later, he owns the house but still runs his street-side cart",https://economictimes.indiatimes.com/articleshow/134727232.cms,2026-10-06T08:30:41+00:00
ET Panache Worklife,https://economictimes.indiatimes.com/magazines/panache/worklife,worklife,38,"Trev plans 2,500-vehicle premium EV fleet by 2031, raising $2 million",https://economictimes.indiatimes.com/articleshow/134727252.cms,2026-10-06T08:30:41+00:00
ET Panache Worklife,https://economictimes.indiatimes.com/magazines/panache/worklife,worklife,39,Orient Cables shares tumble 10% a day after strong market debut,https://economictimes.indiatimes.com/articleshow/134727066.cms,2026-10-06T08:30:41+00:00
ET Panache Worklife,https://economictimes.indiatimes.com/magazines/panache/worklife,worklife,40,Lupin launches fixed-dose triple combination inhaler for COPD in India,https://economictimes.indiatimes.com/articleshow/134727570.cms,2026-10-06T08:30:41+00:00
ET Panache Worklife,https://economictimes.indiatimes.com/magazines/panache/worklife,worklife,41,Ambani’s Jio said to seek about Rs 11 lakh crore valuation in IPO,https://economictimes.indiatimes.com/articleshow/134727599.cms,2026-10-06T08:30:41+00:00
ET Panache Worklife,https://economictimes.indiatimes.com/magazines/panache/worklife,worklife,42,"GST 2.0: From stuck tax credit to fewer disputes, industry chambers list key reform demands",https://economictimes.indiatimes.com/articleshow/134726900.cms,2026-10-06T08:30:41+00:00
ET Panache Worklife,https://economictimes.indiatimes.com/magazines/panache/worklife,worklife,43,"if(typeof objAd !=""undefined""){ objAd.loadAds(); } 255 elephants saved from train collisions: How Railways is using 'Plan Bee' to keep elephants off tracks",https://economictimes.indiatimes.com/articleshow/134688428.cms,2026-10-06T08:30:41+00:00
ET Panache Worklife,https://economictimes.indiatimes.com/magazines/panache/worklife,worklife,44,Railway research arm asked for probe after Shatabdi engine wheel skids on wet rails during emergency braking,https://economictimes.indiatimes.com/articleshow/134706890.cms,2026-10-06T08:30:41+00:00
ET Panache Worklife,https://economictimes.indiatimes.com/magazines/panache/worklife,worklife,45,"if(typeof objAd !=""undefined""){ objAd.loadAds(); } SC issues notice to Centre, EC on plea seeking CEC Gyanesh Kumar’s suspension, may annul decisions if they breached law",https://economictimes.indiatimes.com/articleshow/134689510.cms,2026-10-06T08:30:41+00:00
ET Panache Worklife,https://economictimes.indiatimes.com/magazines/panache/worklife,worklife,46,"if(typeof objAd !=""undefined""){ objAd.loadAds(); } Rupee headed to 100? How much the psychological red line matters",https://economictimes.indiatimes.com/articleshow/134692130.cms,2026-10-06T08:30:41+00:00
ET Panache Worklife,https://economictimes.indiatimes.com/magazines/panache/worklife,worklife,47,"if(typeof objAd !=""undefined""){ objAd.loadAds(); } China’s loss could be India’s gain as Japan Inc sours on China",https://economictimes.indiatimes.com/articleshow/134710075.cms,2026-10-06T08:30:41+00:00
ET Panache Worklife,https://economictimes.indiatimes.com/magazines/panache/worklife,worklife,48,"if(typeof objAd !=""undefined""){ objAd.loadAds(); } Vedanta dividend countdown: Anil Agarwal-led company to consider first FY27 payout on October 8",https://economictimes.indiatimes.com/articleshow/134711376.cms,2026-10-06T08:30:41+00:00
ET Panache Worklife,https://economictimes.indiatimes.com/magazines/panache/worklife,worklife,49,"if(typeof objAd !=""undefined""){ objAd.loadAds(); } Honda targets 20% cost cuts, faster car development in India with Tata Technologies: Report",https://economictimes.indiatimes.com/articleshow/134688084.cms,2026-10-06T08:30:41+00:00
ET Panache Worklife,https://economictimes.indiatimes.com/magazines/panache/worklife,worklife,50,"Established beyond doubt Gyanesh Kumar changed Form 6 illegally, unilaterally: Rahul Gandhi",https://economictimes.indiatimes.com/articleshow/134702277.cms,2026-10-06T08:30:41+00:00
ET Panache Worklife,https://economictimes.indiatimes.com/magazines/panache/worklife,worklife,51,QR code in red envelope leads to “invite-only” Instagram page: What we know so far,https://economictimes.indiatimes.com/articleshow/121338235.cms,2026-10-06T08:30:41+00:00
ET Panache Worklife,https://economictimes.indiatimes.com/magazines/panache/worklife,worklife,52,"if(typeof objAd !=""undefined""){ objAd.loadAds(); } Nifty’s ailing warhorse HDFC Bank gets an all-rounder CEO. Can Anup Bagchi make the elephant dance?",https://economictimes.indiatimes.com/articleshow/134687302.cms,2026-10-06T08:30:41+00:00
ET Panache Worklife,https://economictimes.indiatimes.com/magazines/panache/worklife,worklife,53,"if(typeof objAd !=""undefined""){ objAd.loadAds(); } India-US trade talks hit a plateau, with little room left to give or take, says Finance Minister Nirmala Sitharaman",https://economictimes.indiatimes.com/articleshow/134685869.cms,2026-10-06T08:30:41+00:00
ET Panache Worklife,https://economictimes.indiatimes.com/magazines/panache/worklife,worklife,54,"'If he has any sense of shame, Gyanesh Kumar must quit right away': Congress' Jairam Ramesh reiterates demand for CEC's resignation",https://economictimes.indiatimes.com/articleshow/134685213.cms,2026-10-06T08:30:41+00:00
ET Panache Worklife,https://economictimes.indiatimes.com/magazines/panache/worklife,worklife,55,"if(typeof objAd !=""undefined""){ objAd.loadAds(); } Double trouble at the dinner table: When will food prices normalise for Indians?",https://economictimes.indiatimes.com/articleshow/134611076.cms,2026-10-06T08:30:41+00:00
ET Panache Worklife,https://economictimes.indiatimes.com/magazines/panache/worklife,worklife,56,"Go to Horoscope Tomorrow, October 7, 2026 Page",https://economictimes.indiatimes.com/articleshow/134725947.cms,2026-10-06T08:30:41+00:00
ET Panache Worklife,https://economictimes.indiatimes.com/magazines/panache/worklife,worklife,57,"Go to Horoscope Today, October 6, 2026 Page",https://economictimes.indiatimes.com/articleshow/134711438.cms,2026-10-06T08:30:41+00:00
ET Panache Worklife,https://economictimes.indiatimes.com/magazines/panache/worklife,worklife,58,Go to Smit Machchhar Page,https://economictimes.indiatimes.com/articleshow/134606164.cms,2026-10-06T08:30:41+00:00
ET Panache Worklife,https://economictimes.indiatimes.com/magazines/panache/worklife,worklife,59,Go to Social Security October Payment Page,https://economictimes.indiatimes.com/articleshow/134596120.cms,2026-10-06T08:30:41+00:00
ET Panache Worklife,https://economictimes.indiatimes.com/magazines/panache/worklife,worklife,60,Go to Silver rate today Page,https://economictimes.indiatimes.com/articleshow/134596918.cms,2026-10-06T08:30:41+00:00
ET Panache Worklife,https://economictimes.indiatimes.com/magazines/panache/worklife,worklife,61,Go to Social Security New Bill Page,https://economictimes.indiatimes.com/articleshow/134595403.cms,2026-10-06T08:30:41+00:00
ET Panache Worklife,https://economictimes.indiatimes.com/magazines/panache/worklife,worklife,62,Go to gold price Today Page,https://economictimes.indiatimes.com/articleshow/134595522.cms,2026-10-06T08:30:41+00:00
ET Panache Worklife,https://economictimes.indiatimes.com/magazines/panache/worklife,worklife,63,Go to Spotify down Page,https://economictimes.indiatimes.com/articleshow/134569732.cms,2026-10-06T08:30:41+00:00
ET Panache Worklife,https://economictimes.indiatimes.com/magazines/panache/worklife,worklife,64,Go to 22K Gold rate today Page,https://economictimes.indiatimes.com/articleshow/134534249.cms,2026-10-06T08:30:41+00:00
ET Panache Worklife,https://economictimes.indiatimes.com/magazines/panache/worklife,worklife,65,Go to Bank strike tomorrow Page,https://economictimes.indiatimes.com/articleshow/134521043.cms,2026-10-06T08:30:41+00:00
ET Panache Worklife,https://economictimes.indiatimes.com/magazines/panache/worklife,worklife,66,"Go to Horoscope Tomorrow, September 28, 2026 Page",https://economictimes.indiatimes.com/articleshow/134516475.cms,2026-10-06T08:30:41+00:00
ET Panache Worklife,https://economictimes.indiatimes.com/magazines/panache/worklife,worklife,67,Go to Lonzo Ball Page,https://economictimes.indiatimes.com/articleshow/134443496.cms,2026-10-06T08:30:41+00:00
ET Panache Worklife,https://economictimes.indiatimes.com/magazines/panache/worklife,worklife,68,Go to Bitcoin price today Page,https://economictimes.indiatimes.com/articleshow/134442019.cms,2026-10-06T08:30:41+00:00
ET Panache Worklife,https://economictimes.indiatimes.com/magazines/panache/worklife,worklife,69,Go to Presley Gerber Death Case Page,https://economictimes.indiatimes.com/articleshow/134425955.cms,2026-10-06T08:30:41+00:00
ET Panache Worklife,https://economictimes.indiatimes.com/magazines/panache/worklife,worklife,70,Go to Happy Ganesh Chaturthi Wishes Page,https://economictimes.indiatimes.com/articleshow/134230808.cms,2026-10-06T08:30:41+00:00
ET Panache Worklife,https://economictimes.indiatimes.com/magazines/panache/worklife,worklife,71,Go to Maggie Smith News Page,https://economictimes.indiatimes.com/articleshow/113743204.cms,2026-10-06T08:30:41+00:00
ET Panache Worklife,https://economictimes.indiatimes.com/magazines/panache/worklife,worklife,72,Go to Sunita Williams Space Station Routine Page,https://economictimes.indiatimes.com/articleshow/113340209.cms,2026-10-06T08:30:41+00:00
ET Panache Worklife,https://economictimes.indiatimes.com/magazines/panache/worklife,worklife,73,Go to Cristiano Ronaldo Youtube Channel Page,https://economictimes.indiatimes.com/articleshow/112701776.cms,2026-10-06T08:30:41+00:00
ET Panache Worklife,https://economictimes.indiatimes.com/magazines/panache/worklife,worklife,74,Go to Who is Miles Routledge Page,https://economictimes.indiatimes.com/articleshow/112706059.cms,2026-10-06T08:30:41+00:00
ET Panache Worklife,https://economictimes.indiatimes.com/magazines/panache/worklife,worklife,75,Go to Isha Ambani Lehenga Page,https://economictimes.indiatimes.com/articleshow/111678035.cms,2026-10-06T08:30:41+00:00
ET Panache Worklife,https://economictimes.indiatimes.com/magazines/panache/worklife,worklife,76,"SRIT India shares hit 5% upper circuit after strong debut, jump 19% from IPO price. Should you buy, sell or hold?",https://economictimes.indiatimes.com/articleshow/134727442.cms,2026-10-06T08:30:41+00:00
ET Panache Worklife,https://economictimes.indiatimes.com/magazines/panache/worklife,worklife,77,"Govt notifies 375 permissible works under VB-G RAM G, expands scope by 41 per cent",https://economictimes.indiatimes.com/articleshow/134727699.cms,2026-10-06T08:30:41+00:00
ET Panache Worklife,https://economictimes.indiatimes.com/magazines/panache/worklife,worklife,78,"BRS demands ED probe into Telangana CM Revanth Reddy's family assets, business dealings",https://economictimes.indiatimes.com/articleshow/134727583.cms,2026-10-06T08:30:41+00:00
ET Panache Worklife,https://economictimes.indiatimes.com/magazines/panache/worklife,worklife,79,"Britain likely to expel Israeli diplomats if Jerusalem consulate closes, sources say",https://economictimes.indiatimes.com/articleshow/134727384.cms,2026-10-06T08:30:41+00:00
ET Panache Worklife,https://economictimes.indiatimes.com/magazines/panache/worklife,worklife,80,Ukrainian aerospace engineer Anastasia Sevriukova preserved her eggs to have children after her life changed following stage 4 colon cancer diagnosis at 25,https://economictimes.indiatimes.com/articleshow/134727206.cms,2026-10-06T08:30:41+00:00
ET Panache Worklife,https://economictimes.indiatimes.com/magazines/panache/worklife,worklife,81,"Abhishek Sharma, Shubhman Gill shortlisted for ICC Men’s Player of the Month for September",https://economictimes.indiatimes.com/articleshow/134726482.cms,2026-10-06T08:30:41+00:00
ET Panache Worklife,https://economictimes.indiatimes.com/magazines/panache/worklife,worklife,82,"Why junk bonds deliver equity-like returns but with far inferior volatility, explains Saurabh Mukherjea",https://economictimes.indiatimes.com/articleshow/134727904.cms,2026-10-06T08:30:41+00:00
ET Panache Worklife,https://economictimes.indiatimes.com/magazines/panache/worklife,worklife,83,Global Market: BOJ seen nearing 2% inflation target as markets eye December rate hike,https://economictimes.indiatimes.com/articleshow/134727754.cms,2026-10-06T08:30:41+00:00
ET Panache Worklife,https://economictimes.indiatimes.com/magazines/panache/worklife,worklife,84,"Meesho shares jump 6% as content commerce NMV grows 152% in Q2. Buy, sell or hold the stock?",https://economictimes.indiatimes.com/articleshow/134728099.cms,2026-10-06T08:30:41+00:00
ET Panache Worklife,https://economictimes.indiatimes.com/magazines/panache/worklife,worklife,85,"Who is Nidal Hasan? Donald Trump orders firing squad for gunman who killed 13 people at Fort Hood, Texas",https://economictimes.indiatimes.com/articleshow/134728148.cms,2026-10-06T08:30:41+00:00
ET Panache Worklife,https://economictimes.indiatimes.com/magazines/panache/worklife,worklife,86,"14-year-old UP boy leaves home to complete PUBG task promising Rs 1 lakh, found asleep on bus three days later",https://economictimes.indiatimes.com/articleshow/134726901.cms,2026-10-06T08:30:41+00:00
ET Panache Worklife,https://economictimes.indiatimes.com/magazines/panache/worklife,worklife,87,UK probes Meta over safety risks of Instagram Instants feature,https://economictimes.indiatimes.com/articleshow/134728159.cms,2026-10-06T08:30:41+00:00
ScienceDaily,https://www.sciencedaily.com/,science,1,Scientists Finally See How Nature Moves Energy so Efficiently,https://www.sciencedaily.com/releases/2026/10/261004001841.htm,2026-10-06T08:30:41+00:00
ScienceDaily,https://www.sciencedaily.com/,science,2,A Few Drops of This Japanese Tree Oil May Help You Sleep More Soundly,https://www.sciencedaily.com/releases/2026/10/261002080030.htm,2026-10-06T08:30:41+00:00
ScienceDaily,https://www.sciencedaily.com/,science,3,Tropical Trees Built Homes for Ants. Wasps Are Taking Them Over,https://www.sciencedaily.com/releases/2026/10/261004001832.htm,2026-10-06T08:30:41+00:00
ScienceDaily,https://www.sciencedaily.com/,science,4,MIT Scientists Find a Hidden Cancer Risk of the Keto Diet,https://www.sciencedaily.com/releases/2026/10/261002080037.htm,2026-10-06T08:30:41+00:00
ScienceDaily,https://www.sciencedaily.com/,science,5,Scientists Reveal What Seven Days of Fasting Does to the Human Body,https://www.sciencedaily.com/releases/2026/10/261005012444.htm,2026-10-06T08:30:41+00:00
ScienceDaily,https://www.sciencedaily.com/,science,6,Vagus Nerve Stimulation Could Help New Skills Stick,https://www.sciencedaily.com/releases/2026/10/261002080034.htm,2026-10-06T08:30:41+00:00
ScienceDaily,https://www.sciencedaily.com/,science,7,Don't Miss: Watch Saturn Shine and Halley’s Comet Debris Streak Across the Sky,https://www.sciencedaily.com/releases/2026/10/261005071523.htm,2026-10-06T08:30:41+00:00
ScienceDaily,https://www.sciencedaily.com/,science,8,"A New Kind of Magnetism Could Unlock Faster, More Efficient Computers",https://www.sciencedaily.com/releases/2026/10/261002080015.htm,2026-10-06T08:30:41+00:00
ScienceDaily,https://www.sciencedaily.com/,science,9,Scientists Just Found a Way to Fight Lung Cancer and Muscle Wasting at the Same Time,https://www.sciencedaily.com/releases/2026/10/261001214129.htm,2026-10-06T08:30:41+00:00
ScienceDaily,https://www.sciencedaily.com/,science,10,Scientists Discover a Human Brain Gene That Can Jump Through DNA,https://www.sciencedaily.com/releases/2026/10/261002080013.htm,2026-10-06T08:30:41+00:00
ScienceDaily,https://www.sciencedaily.com/,science,11,Cancer-fighting T Cells Burn Out. Scientists May Have Found a Fix,https://www.sciencedaily.com/releases/2026/10/261001214127.htm,2026-10-06T08:30:41+00:00
ScienceDaily,https://www.sciencedaily.com/,science,12,This Mysterious Hole on the Moon May Open Into a Giant Cave,https://www.sciencedaily.com/releases/2026/10/261003234013.htm,2026-10-06T08:30:41+00:00
ScienceDaily,https://www.sciencedaily.com/,science,13,The “glue” Holding Your Cells Together Has a Surprising Second Job,https://www.sciencedaily.com/releases/2026/10/261002080023.htm,2026-10-06T08:30:41+00:00
ScienceDaily,https://www.sciencedaily.com/,science,14,Your Gut Bacteria May Reveal How Fast Your Brain Is Aging,https://www.sciencedaily.com/releases/2026/10/261001214106.htm,2026-10-06T08:30:41+00:00
ScienceDaily,https://www.sciencedaily.com/,science,15,Vitamin D Drug May Help Crack Pancreatic Cancer’s Protective Shield,https://www.sciencedaily.com/releases/2026/09/260930225501.htm,2026-10-06T08:30:41+00:00
ScienceDaily,https://www.sciencedaily.com/,science,16,"Diet Drinks Work as Well as Water for Weight Loss, Major Trial Finds",https://www.sciencedaily.com/releases/2026/10/261002080017.htm,2026-10-06T08:30:41+00:00
ScienceDaily,https://www.sciencedaily.com/,science,17,Scientists Just Found a New Way to Make Hydrogen from Water,https://www.sciencedaily.com/releases/2026/10/261001214017.htm,2026-10-06T08:30:41+00:00
ScienceDaily,https://www.sciencedaily.com/,science,18,Powerful Simulations Reveal How the First Stars Changed the Universe,https://www.sciencedaily.com/releases/2026/10/261001214012.htm,2026-10-06T08:30:41+00:00
ScienceDaily,https://www.sciencedaily.com/,science,19,Scientists Just Made a Superconductor Stronger Using “empty Space”,https://www.sciencedaily.com/releases/2026/09/260930225456.htm,2026-10-06T08:30:41+00:00
ScienceDaily,https://www.sciencedaily.com/,science,20,NASA’s Roman Telescope Just Opened Its Planet-Hunting Eye,https://www.sciencedaily.com/releases/2026/10/261001214057.htm,2026-10-06T08:30:41+00:00
ScienceDaily,https://www.sciencedaily.com/,science,21,A Meteor Hit Oklahoma 100 Million Years Later Than Scientists Thought,https://www.sciencedaily.com/releases/2026/10/261002080012.htm,2026-10-06T08:30:41+00:00
ScienceDaily,https://www.sciencedaily.com/,science,22,A Forgotten 30-Year Forest Experiment Just Delivered a Huge Surprise,https://www.sciencedaily.com/releases/2026/10/261001214120.htm,2026-10-06T08:30:41+00:00
ScienceDaily,https://www.sciencedaily.com/,science,23,New “plant Armor” More Than Triples Strawberry Yields,https://www.sciencedaily.com/releases/2026/09/260930020257.htm,2026-10-06T08:30:41+00:00
ScienceDaily,https://www.sciencedaily.com/,science,24,Scientists Expected These Galápagos Sea Turtles to Wander. They Stayed Put,https://www.sciencedaily.com/releases/2026/09/260927225032.htm,2026-10-06T08:30:41+00:00
ScienceDaily,https://www.sciencedaily.com/,science,25,This Protective Enzyme Could Help Stop Fatty Liver Disease from Getting Worse,https://www.sciencedaily.com/releases/2026/10/261002080020.htm,2026-10-06T08:30:41+00:00
ScienceDaily,https://www.sciencedaily.com/,science,26,Leucine Does More Than Build Muscle. It Powers Up Your Cells,https://www.sciencedaily.com/releases/2026/10/261001095319.htm,2026-10-06T08:30:41+00:00
ScienceDaily,https://www.sciencedaily.com/,science,27,Your Gut May Be Making a Molecule That Raises Alzheimer’s Risk,https://www.sciencedaily.com/releases/2026/09/260930225459.htm,2026-10-06T08:30:41+00:00
ScienceDaily,https://www.sciencedaily.com/,science,28,Cancer Stem Cells Have an “Energy Addiction” Scientists May Be Able to Exploit,https://www.sciencedaily.com/releases/2026/09/260930020319.htm,2026-10-06T08:30:41+00:00
ScienceDaily,https://www.sciencedaily.com/,science,29,Scientists May Have Found a “Unifying Theory” of Chronic Fatigue,https://www.sciencedaily.com/releases/2026/09/260929053543.htm,2026-10-06T08:30:41+00:00
ScienceDaily,https://www.sciencedaily.com/,science,30,This Diet May Slow Brain Aging by 2.5 Years,https://www.sciencedaily.com/releases/2026/09/260930225503.htm,2026-10-06T08:30:41+00:00
ScienceDaily,https://www.sciencedaily.com/,science,31,Could Quitting Ultra-processed Food Boost Your Mental Health?,https://www.sciencedaily.com/releases/2026/09/260930225448.htm,2026-10-06T08:30:41+00:00
ScienceDaily,https://www.sciencedaily.com/,science,32,Alzheimer’s Risk Gene APOE4 May Have a Reversible Weakness,https://www.sciencedaily.com/releases/2026/09/260930225450.htm,2026-10-06T08:30:41+00:00
ScienceDaily,https://www.sciencedaily.com/,science,33,This Common Mistake Can Add Nearly 7 Points to Your Blood Pressure Reading,https://www.sciencedaily.com/releases/2026/09/260928100606.htm,2026-10-06T08:30:41+00:00
ScienceDaily,https://www.sciencedaily.com/,science,34,"Cannabis Users Were Twice as Likely to Commit Violence, Review Finds",https://www.sciencedaily.com/releases/2026/09/260930020255.htm,2026-10-06T08:30:41+00:00
ScienceDaily,https://www.sciencedaily.com/,science,35,Mulberry May Reshape Gut Bacteria and Influence Metabolism,https://www.sciencedaily.com/releases/2026/09/260928100551.htm,2026-10-06T08:30:41+00:00
ScienceDaily,https://www.sciencedaily.com/,science,36,"Creatine May Help Build Muscle Even Without Exercise, Researchers Find",https://www.sciencedaily.com/releases/2026/09/260928100547.htm,2026-10-06T08:30:41+00:00
ScienceDaily,https://www.sciencedaily.com/,science,37,Easing Constipation: A 20-Minute Walk Can Get Your Gut Moving Almost Immediately,https://www.sciencedaily.com/releases/2026/10/261001214117.htm,2026-10-06T08:30:41+00:00
ScienceDaily,https://www.sciencedaily.com/,science,38,This Common Vitamin Could Help Fight One of the Deadliest Brain Cancers,https://www.sciencedaily.com/releases/2026/10/261001095423.htm,2026-10-06T08:30:41+00:00
ScienceDaily,https://www.sciencedaily.com/,science,39,Vitamin C Linked to Fewer Deaths in Blood Disorder Trial,https://www.sciencedaily.com/releases/2026/09/260930225454.htm,2026-10-06T08:30:41+00:00
ScienceDaily,https://www.sciencedaily.com/,science,40,Nearly 6 in 10 People With High Blood Pressure Don’t Know They Have It,https://www.sciencedaily.com/releases/2026/09/260930225445.htm,2026-10-06T08:30:41+00:00
ScienceDaily,https://www.sciencedaily.com/,science,41,Children at Risk for Depression Get “stuck” on Sad Faces,https://www.sciencedaily.com/releases/2026/09/260927225022.htm,2026-10-06T08:30:41+00:00
ScienceDaily,https://www.sciencedaily.com/,science,42,Brain Scans Reveal Which Disorders Are Linked to Faster Brain Aging,https://www.sciencedaily.com/releases/2026/09/260927225038.htm,2026-10-06T08:30:41+00:00
ScienceDaily,https://www.sciencedaily.com/,science,43,Scientists Just Discovered What Coffee Really Does to Your Gut and Brain,https://www.sciencedaily.com/releases/2026/09/260927034331.htm,2026-10-06T08:30:41+00:00
ScienceDaily,https://www.sciencedaily.com/,science,44,Resetting the Body Clock Could Help the Brain Recover After Stroke,https://www.sciencedaily.com/releases/2026/09/260924020407.htm,2026-10-06T08:30:41+00:00
ScienceDaily,https://www.sciencedaily.com/,science,45,Even One Strength Training Session a Week Could Make a Difference,https://www.sciencedaily.com/releases/2026/09/260930020317.htm,2026-10-06T08:30:41+00:00
ScienceDaily,https://www.sciencedaily.com/,science,46,"Weak Sunlight Can Still Damage Your DNA, Scientists Warn",https://www.sciencedaily.com/releases/2026/09/260930020324.htm,2026-10-06T08:30:41+00:00
ScienceDaily,https://www.sciencedaily.com/,science,47,1 in 13 Adults Under 30 Already Had Hidden Artery Plaque,https://www.sciencedaily.com/releases/2026/09/260929053541.htm,2026-10-06T08:30:41+00:00
ScienceDaily,https://www.sciencedaily.com/,science,48,Diabetes Study Finds Keeping Blood Sugar Too Steady May Come at a Price,https://www.sciencedaily.com/releases/2026/09/260927225019.htm,2026-10-06T08:30:41+00:00
ScienceDaily,https://www.sciencedaily.com/,science,49,Scientists Just Pushed Superconductors Beyond Their Usual Current Limit,https://www.sciencedaily.com/releases/2026/09/260930225452.htm,2026-10-06T08:30:41+00:00
ScienceDaily,https://www.sciencedaily.com/,science,50,Electrons Slow to a Crawl in a Strange New Quantum State,https://www.sciencedaily.com/releases/2026/09/260929053548.htm,2026-10-06T08:30:41+00:00
ScienceDaily,https://www.sciencedaily.com/,science,51,This New Qubit Could Be 100 Times Less Error-prone in Superfluid Quantum Computer Breakthrough,https://www.sciencedaily.com/releases/2026/09/260930020309.htm,2026-10-06T08:30:41+00:00
ScienceDaily,https://www.sciencedaily.com/,science,52,Caltech Physicists Finally Measure a Quantum Energy Ladder Predicted 40 Years Ago,https://www.sciencedaily.com/releases/2026/09/260928100554.htm,2026-10-06T08:30:41+00:00
ScienceDaily,https://www.sciencedaily.com/,science,53,Quantum Teleportation Breakthrough: Scientists Crack a 25-year Entanglement Challenge,https://www.sciencedaily.com/releases/2026/09/260929053550.htm,2026-10-06T08:30:41+00:00
ScienceDaily,https://www.sciencedaily.com/,science,54,This Suitcase-sized Spacecraft Could Hear the Universe Before Stars Existed,https://www.sciencedaily.com/releases/2026/09/260927225034.htm,2026-10-06T08:30:41+00:00
ScienceDaily,https://www.sciencedaily.com/,science,55,Quantum Computer Simulates Matter “Popping Into Existence”,https://www.sciencedaily.com/releases/2026/09/260925005416.htm,2026-10-06T08:30:41+00:00
ScienceDaily,https://www.sciencedaily.com/,science,56,The Secret to Growing Food on Mars Could Be Fungi,https://www.sciencedaily.com/releases/2026/09/260924020400.htm,2026-10-06T08:30:41+00:00
ScienceDaily,https://www.sciencedaily.com/,science,57,CERN Has Begun Disconnecting the Large Hadron Collider,https://www.sciencedaily.com/releases/2026/09/260925005430.htm,2026-10-06T08:30:41+00:00
ScienceDaily,https://www.sciencedaily.com/,science,58,Distant Time Crystals Can Somehow Fall Into the Same Rhythm,https://www.sciencedaily.com/releases/2026/09/260923035934.htm,2026-10-06T08:30:41+00:00
ScienceDaily,https://www.sciencedaily.com/,science,59,"For the First Time, Scientists Watch Sound Jump Between Quantum States",https://www.sciencedaily.com/releases/2026/09/260921081054.htm,2026-10-06T08:30:41+00:00
ScienceDaily,https://www.sciencedaily.com/,science,60,NASA Just Powered Up Roman’s Massive 300-megapixel Camera,https://www.sciencedaily.com/releases/2026/09/260921081058.htm,2026-10-06T08:30:41+00:00
ScienceDaily,https://www.sciencedaily.com/,science,61,Quantum Computing’s “dark Horse” Just Proved It Can Go Universal,https://www.sciencedaily.com/releases/2026/09/260924020403.htm,2026-10-06T08:30:41+00:00
ScienceDaily,https://www.sciencedaily.com/,science,62,A New Process Turns Plastic Waste Into Gasoline and Diesel Fuel,https://www.sciencedaily.com/releases/2026/09/260920222405.htm,2026-10-06T08:30:41+00:00
ScienceDaily,https://www.sciencedaily.com/,science,63,New Nanoparticles Make Hidden Chemical Differences Light Up,https://www.sciencedaily.com/releases/2026/09/260919031030.htm,2026-10-06T08:30:41+00:00
ScienceDaily,https://www.sciencedaily.com/,science,64,This Deep-Sea Enzyme Survives Heat That Destroys Most Proteins,https://www.sciencedaily.com/releases/2026/09/260918024810.htm,2026-10-06T08:30:41+00:00
ScienceDaily,https://www.sciencedaily.com/,science,65,Blood Tests Reveal Why Astronauts Get Constipated in Space,https://www.sciencedaily.com/releases/2026/09/260927225030.htm,2026-10-06T08:30:41+00:00
ScienceDaily,https://www.sciencedaily.com/,science,66,A Strange Circle on Satellite Maps Turned out to Be a 390-Million-Year-Old Impact Crater,https://www.sciencedaily.com/releases/2026/09/260921081101.htm,2026-10-06T08:30:41+00:00
ScienceDaily,https://www.sciencedaily.com/,science,67,NASA’s Roman Space Telescope Could Last More Than Twice as Long as Planned,https://www.sciencedaily.com/releases/2026/09/260918024802.htm,2026-10-06T08:30:41+00:00
ScienceDaily,https://www.sciencedaily.com/,science,68,A $100 Detector Can See Invisible Particles Raining Down from Space,https://www.sciencedaily.com/releases/2026/09/260917003725.htm,2026-10-06T08:30:41+00:00
ScienceDaily,https://www.sciencedaily.com/,science,69,This Light-Powered AI Can Spot Deepfakes With Nearly 98% Accuracy,https://www.sciencedaily.com/releases/2026/09/260929053534.htm,2026-10-06T08:30:41+00:00
ScienceDaily,https://www.sciencedaily.com/,science,70,MIT’s Tiny Flying Robot Gets 450% Faster With AI,https://www.sciencedaily.com/releases/2026/09/260921081114.htm,2026-10-06T08:30:41+00:00
ScienceDaily,https://www.sciencedaily.com/,science,71,This Tiny Organism Can Shrink to One Quarter Its Size in Milliseconds,https://www.sciencedaily.com/releases/2026/09/260918024812.htm,2026-10-06T08:30:41+00:00
ScienceDaily,https://www.sciencedaily.com/,science,72,Scientists Find That “perfect” Systems May Be Surprisingly Fragile,https://www.sciencedaily.com/releases/2026/09/260919031022.htm,2026-10-06T08:30:41+00:00
ScienceDaily,https://www.sciencedaily.com/,science,73,New Soil Test Could Reveal How Soil Microbes Help Feed Plants,https://www.sciencedaily.com/releases/2026/09/260925005441.htm,2026-10-06T08:30:41+00:00
ScienceDaily,https://www.sciencedaily.com/,science,74,1.7-billion-year-old Fossils Reveal a Crucial Clue to the Rise of Complex Life,https://www.sciencedaily.com/releases/2026/09/260925005447.htm,2026-10-06T08:30:41+00:00
ScienceDaily,https://www.sciencedaily.com/,science,75,Earth Is Tearing Apart Beneath the Pacific Northwest,https://www.sciencedaily.com/releases/2026/09/260924231343.htm,2026-10-06T08:30:41+00:00
ScienceDaily,https://www.sciencedaily.com/,science,76,Scientists Find Two Tiny New Snails with Shells That Close Like Doors,https://www.sciencedaily.com/releases/2026/09/260923035936.htm,2026-10-06T08:30:41+00:00
ScienceDaily,https://www.sciencedaily.com/,science,77,These Tropical Trees Breathe at Night to Survive Drought,https://www.sciencedaily.com/releases/2026/09/260922005712.htm,2026-10-06T08:30:41+00:00
ScienceDaily,https://www.sciencedaily.com/,science,78,One of America’s Largest Reservoirs Just Hit a Record Low,https://www.sciencedaily.com/releases/2026/09/260922005701.htm,2026-10-06T08:30:41+00:00
ScienceDaily,https://www.sciencedaily.com/,science,79,This New Concrete Is Stronger and Pulls CO2 from the Air,https://www.sciencedaily.com/releases/2026/09/260921081105.htm,2026-10-06T08:30:41+00:00
ScienceDaily,https://www.sciencedaily.com/,science,80,The End of Humanity? What Would Happen If the Yellowstone Supervolcano Erupted Now,https://www.sciencedaily.com/releases/2026/09/260922005655.htm,2026-10-06T08:30:41+00:00
ScienceDaily,https://www.sciencedaily.com/,science,81,Scientists Discover First New Penguin Species in More Than 100 Years,https://www.sciencedaily.com/releases/2026/09/260920222410.htm,2026-10-06T08:30:41+00:00
ScienceDaily,https://www.sciencedaily.com/,science,82,Hurricane Hunters Reveal 4 Warning Signs That a Storm Is About to Strengthen,https://www.sciencedaily.com/releases/2026/09/260919031037.htm,2026-10-06T08:30:41+00:00
ScienceDaily,https://www.sciencedaily.com/,science,83,Billions in Rare Earth Elements May Be Hiding in America’s Coal Ash,https://www.sciencedaily.com/releases/2026/09/260918024759.htm,2026-10-06T08:30:41+00:00
ScienceDaily,https://www.sciencedaily.com/,science,84,Anak Krakatau Blasts Ash Nearly 10 Miles High,https://www.sciencedaily.com/releases/2026/09/260917003718.htm,2026-10-06T08:30:41+00:00
ScienceDaily,https://www.sciencedaily.com/,science,85,Scientists Find New Virus Behind Mysterious Tick Illness,https://www.sciencedaily.com/releases/2026/09/260927225027.htm,2026-10-06T08:30:41+00:00
ScienceDaily,https://www.sciencedaily.com/,science,86,Scientists Say House Cats Could Help Unlock Better Cancer Treatments for Humans,https://www.sciencedaily.com/releases/2026/09/260924231826.htm,2026-10-06T08:30:41+00:00
ScienceDaily,https://www.sciencedaily.com/,science,87,Don’t Toss Cannabis Leaves: They May Contain Rare Compounds With Medical Potential,https://www.sciencedaily.com/releases/2026/09/260924231711.htm,2026-10-06T08:30:41+00:00
ScienceDaily,https://www.sciencedaily.com/,science,88,Scientists Gave Worms Magnetic Bacteria. They Lived 43% Longer,https://www.sciencedaily.com/releases/2026/09/260924020357.htm,2026-10-06T08:30:41+00:00
ScienceDaily,https://www.sciencedaily.com/,science,89,Ocean Heatwaves Are Hiding Months of Extra Warming,https://www.sciencedaily.com/releases/2026/09/260928100603.htm,2026-10-06T08:30:41+00:00
ScienceDaily,https://www.sciencedaily.com/,science,90,The “big One” Might Not Come Alone: Two Major West Coast Faults May Strike Back to Back,https://www.sciencedaily.com/releases/2026/09/260922222730.htm,2026-10-06T08:30:41+00:00
ScienceDaily,https://www.sciencedaily.com/,science,91,"The Arctic Sea Ice Melt Season Grew Longer for Decades, but Something Strange Happened Around 2010",https://www.sciencedaily.com/releases/2026/09/260922005658.htm,2026-10-06T08:30:41+00:00
ScienceDaily,https://www.sciencedaily.com/,science,92,Scientists Say a Critical Atlantic Ocean Current Is Weakening and the Effects Could Be Global,https://www.sciencedaily.com/releases/2026/09/260922222558.htm,2026-10-06T08:30:41+00:00
ScienceDaily,https://www.sciencedaily.com/,science,93,160-Million-Year-Old Proteins Show Surprising Power Against Superbugs,https://www.sciencedaily.com/releases/2026/09/260925093155.htm,2026-10-06T08:30:41+00:00
ScienceDaily,https://www.sciencedaily.com/,science,94,A Broken Rib from the World’s Largest T. Rex Hid a 66-Million-Year-Old Secret,https://www.sciencedaily.com/releases/2026/09/260922005709.htm,2026-10-06T08:30:41+00:00
ScienceDaily,https://www.sciencedaily.com/,science,95,Plague Was Killing Entire Families Thousands of Years Before the Black Death,https://www.sciencedaily.com/releases/2026/09/260913082203.htm,2026-10-06T08:30:41+00:00
ScienceDaily,https://www.sciencedaily.com/,science,96,One Mount Etna Eruption Took Weeks. Another Happened in Hours,https://www.sciencedaily.com/releases/2026/09/260912220100.htm,2026-10-06T08:30:41+00:00
ScienceDaily,https://www.sciencedaily.com/,science,97,ADHD and Autism Diagnoses Have Surged. a Massive Study May Help Explain Why,https://www.sciencedaily.com/releases/2026/09/260924020353.htm,2026-10-06T08:30:41+00:00
ScienceDaily,https://www.sciencedaily.com/,science,98,This German Submarine Sank in 1917. It’s Still Leaking TNT,https://www.sciencedaily.com/releases/2026/09/260913081919.htm,2026-10-06T08:30:41+00:00
ScienceDaily,https://www.sciencedaily.com/,science,99,NASA-backed Scientists Turn Plastic Waste Into Edible Cookies,https://www.sciencedaily.com/releases/2026/09/260912220033.htm,2026-10-06T08:30:41+00:00
ScienceDaily,https://www.sciencedaily.com/,science,100,Common Medications May Change Your Gut for Years,https://www.sciencedaily.com/releases/2026/08/260824065605.htm,2026-10-06T08:30:41+00:00
ScienceDaily,https://www.sciencedaily.com/,science,101,Screen Time at Ages 1 and 6 May Matter More Than Parents Realize,https://www.sciencedaily.com/releases/2026/08/260823094152.htm,2026-10-06T08:30:41+00:00
ScienceDaily,https://www.sciencedaily.com/,science,102,Scientists Tracked Kids for 8 Years — The Screen Time Result Was Unexpected,https://www.sciencedaily.com/releases/2026/08/260815064803.htm,2026-10-06T08:30:41+00:00
ScienceDaily,https://www.sciencedaily.com/,science,103,Some Coastal Cities Are Sinking Faster Than the Ocean Is Rising,https://www.sciencedaily.com/releases/2026/08/260801042824.htm,2026-10-06T08:30:41+00:00
ScienceDaily,https://www.sciencedaily.com/,science,104,Alien Signals May Be Hiding Where We Rarely Listen,https://www.sciencedaily.com/releases/2026/07/260726015239.htm,2026-10-06T08:30:41+00:00
ScienceDaily,https://www.sciencedaily.com/,science,105,Inside the Backrooms: The Internet’s Creepiest Place Is Becoming a Tourist Attraction,https://www.sciencedaily.com/releases/2026/07/260726015254.htm,2026-10-06T08:30:41+00:00
ScienceDaily,https://www.sciencedaily.com/,science,106,Sweden’s Hidden Rare Earth Deposits Could Help Break China’s Grip,https://www.sciencedaily.com/releases/2026/07/260723084055.htm,2026-10-06T08:30:41+00:00
ScienceDaily,https://www.sciencedaily.com/,science,107,New Research Reveals the Hidden Pollution Left Behind by Fireworks,https://www.sciencedaily.com/releases/2026/07/260701205009.htm,2026-10-06T08:30:41+00:00
ScienceDaily,https://www.sciencedaily.com/,science,108,Why Scientists Fear We're Missing Evidence of Extraterrestrial Life,https://www.sciencedaily.com/releases/2026/06/260623083121.htm,2026-10-06T08:30:41+00:00
ScienceDaily,https://www.sciencedaily.com/,science,109,Your Neighborhood in Your 20s May Shape Your Heart Decades Later,https://www.sciencedaily.com/releases/2026/08/260830000009.htm,2026-10-06T08:30:41+00:00
ScienceDaily,https://www.sciencedaily.com/,science,110,"Kratom Poison Center Cases Have Surged 6,500% in the U.S.",https://www.sciencedaily.com/releases/2026/08/260814235902.htm,2026-10-06T08:30:41+00:00
ScienceDaily,https://www.sciencedaily.com/,science,111,Ordinary WiFi Can Now Identify You With Near-Perfect Accuracy,https://www.sciencedaily.com/releases/2026/08/260811052857.htm,2026-10-06T08:30:41+00:00
ScienceDaily,https://www.sciencedaily.com/,science,112,Scientists Put the “recycling Is a Distraction” Claim to the Test,https://www.sciencedaily.com/releases/2026/07/260724061437.htm,2026-10-06T08:30:41+00:00
ScienceDaily,https://www.sciencedaily.com/,science,113,Nearly All Women in STEM Secretly Feel Like Impostors,https://www.sciencedaily.com/releases/2026/01/260105165811.htm,2026-10-06T08:30:41+00:00
ScienceDaily,https://www.sciencedaily.com/,science,114,Kids’ Anxiety and Depression Dropped Fast After COVID School Reopenings,https://www.sciencedaily.com/releases/2025/12/251213042244.htm,2026-10-06T08:30:41+00:00
ScienceDaily,https://www.sciencedaily.com/,science,115,Rising Temperatures Are Slowing Early Childhood Development,https://www.sciencedaily.com/releases/2025/12/251209234247.htm,2026-10-06T08:30:41+00:00
ScienceDaily,https://www.sciencedaily.com/,science,116,Millions Are About to Choose the Wrong Medicare Plan,https://www.sciencedaily.com/releases/2025/11/251129044513.htm,2026-10-06T08:30:41+00:00
ScienceDaily,https://www.sciencedaily.com/,science,117,"The Billion-Dollar Problem Keeping Ozempic, Wegovy, and Zepbound from Patients",https://www.sciencedaily.com/releases/2026/07/260723084854.htm,2026-10-06T08:30:41+00:00
ScienceDaily,https://www.sciencedaily.com/,science,118,Chinese Sodium Battery Surprised Scientists by Matching Key Tesla Benchmarks,https://www.sciencedaily.com/releases/2026/06/260621060305.htm,2026-10-06T08:30:41+00:00
ScienceDaily,https://www.sciencedaily.com/,science,119,A Single Cobalt Shock Could Trigger Global EV Battery Supply Chaos,https://www.sciencedaily.com/releases/2026/06/260619101402.htm,2026-10-06T08:30:41+00:00
ScienceDaily,https://www.sciencedaily.com/,science,120,SpaceX Wants to Build AI Data Centers in Space. Will It Work?,https://www.sciencedaily.com/releases/2026/06/260618041501.htm,2026-10-06T08:30:41+00:00
ScienceDaily Health & Medicine,https://www.sciencedaily.com/news/health_medicine/,science,1,Scientists Reveal What Seven Days of Fasting Does to the Human Body,https://www.sciencedaily.com/releases/2026/10/261005012444.htm,2026-10-06T08:30:41+00:00
ScienceDaily Health & Medicine,https://www.sciencedaily.com/news/health_medicine/,science,2,Scientists Just Found a Way to Fight Lung Cancer and Muscle Wasting at the Same Time,https://www.sciencedaily.com/releases/2026/10/261001214129.htm,2026-10-06T08:30:41+00:00
ScienceDaily Health & Medicine,https://www.sciencedaily.com/news/health_medicine/,science,3,Scientists Discover a Human Brain Gene That Can Jump Through DNA,https://www.sciencedaily.com/releases/2026/10/261002080013.htm,2026-10-06T08:30:41+00:00
ScienceDaily Health & Medicine,https://www.sciencedaily.com/news/health_medicine/,science,4,Cancer-fighting T Cells Burn Out. Scientists May Have Found a Fix,https://www.sciencedaily.com/releases/2026/10/261001214127.htm,2026-10-06T08:30:41+00:00
ScienceDaily Health & Medicine,https://www.sciencedaily.com/news/health_medicine/,science,5,The “Glue” Holding Your Cells Together Has a Surprising Second Job,https://www.sciencedaily.com/releases/2026/10/261002080023.htm,2026-10-06T08:30:41+00:00
ScienceDaily Health & Medicine,https://www.sciencedaily.com/news/health_medicine/,science,6,Easing Constipation: A 20-minute Walk Can Get Your Gut Moving Almost Immediately,https://www.sciencedaily.com/releases/2026/10/261001214117.htm,2026-10-06T08:30:41+00:00
ScienceDaily Health & Medicine,https://www.sciencedaily.com/news/health_medicine/,science,7,Your Gut Bacteria May Reveal How Fast Your Brain Is Aging,https://www.sciencedaily.com/releases/2026/10/261001214106.htm,2026-10-06T08:30:41+00:00
ScienceDaily Health & Medicine,https://www.sciencedaily.com/news/health_medicine/,science,8,This Common Vitamin Could Help Fight One of the Deadliest Brain Cancers,https://www.sciencedaily.com/releases/2026/10/261001095423.htm,2026-10-06T08:30:41+00:00
ScienceDaily Health & Medicine,https://www.sciencedaily.com/news/health_medicine/,science,9,Vitamin D Drug May Help Crack Pancreatic Cancer’s Protective Shield,https://www.sciencedaily.com/releases/2026/09/260930225501.htm,2026-10-06T08:30:41+00:00
ScienceDaily Health & Medicine,https://www.sciencedaily.com/news/health_medicine/,science,10,"Diet Drinks Work as Well as Water for Weight Loss, Major Trial Finds",https://www.sciencedaily.com/releases/2026/10/261002080017.htm,2026-10-06T08:30:41+00:00
ScienceDaily Health & Medicine,https://www.sciencedaily.com/news/health_medicine/,science,11,This Protective Enzyme Could Help Stop Fatty Liver Disease from Getting Worse,https://www.sciencedaily.com/releases/2026/10/261002080020.htm,2026-10-06T08:30:41+00:00
ScienceDaily Health & Medicine,https://www.sciencedaily.com/news/health_medicine/,science,12,Leucine Does More Than Build Muscle. It Powers Up Your Cells,https://www.sciencedaily.com/releases/2026/10/261001095319.htm,2026-10-06T08:30:41+00:00
ScienceDaily Health & Medicine,https://www.sciencedaily.com/news/health_medicine/,science,13,Your Gut May Be Making a Molecule That Raises Alzheimer’s Risk,https://www.sciencedaily.com/releases/2026/09/260930225459.htm,2026-10-06T08:30:41+00:00
ScienceDaily Health & Medicine,https://www.sciencedaily.com/news/health_medicine/,science,14,Vitamin C Linked to Fewer Deaths in Blood Disorder Trial,https://www.sciencedaily.com/releases/2026/09/260930225454.htm,2026-10-06T08:30:41+00:00
ScienceDaily Health & Medicine,https://www.sciencedaily.com/news/health_medicine/,science,15,Nearly 6 in 10 People With High Blood Pressure Don’t Know They Have It,https://www.sciencedaily.com/releases/2026/09/260930225445.htm,2026-10-06T08:30:41+00:00
ScienceDaily Health & Medicine,https://www.sciencedaily.com/news/health_medicine/,science,16,Cancer Stem Cells Have an “energy Addiction” Scientists May Be Able to Exploit,https://www.sciencedaily.com/releases/2026/09/260930020319.htm,2026-10-06T08:30:41+00:00
ScienceDaily Health & Medicine,https://www.sciencedaily.com/news/health_medicine/,science,17,Even One Strength Training Session a Week Could Make a Difference,https://www.sciencedaily.com/releases/2026/09/260930020317.htm,2026-10-06T08:30:41+00:00
ScienceDaily Health & Medicine,https://www.sciencedaily.com/news/health_medicine/,science,18,"Weak Sunlight Can Still Damage Your DNA, Scientists Warn",https://www.sciencedaily.com/releases/2026/09/260930020324.htm,2026-10-06T08:30:41+00:00
ScienceDaily Health & Medicine,https://www.sciencedaily.com/news/health_medicine/,science,19,Scientists May Have Found a “unifying Theory” of Chronic Fatigue,https://www.sciencedaily.com/releases/2026/09/260929053543.htm,2026-10-06T08:30:41+00:00
ScienceDaily Health & Medicine,https://www.sciencedaily.com/news/health_medicine/,science,20,This Diet May Slow Brain Aging by 2.5 Years,https://www.sciencedaily.com/releases/2026/09/260930225503.htm,2026-10-06T08:30:41+00:00
ScienceDaily Health & Medicine,https://www.sciencedaily.com/news/health_medicine/,science,21,1 in 13 Adults Under 30 Already Had Hidden Artery Plaque,https://www.sciencedaily.com/releases/2026/09/260929053541.htm,2026-10-06T08:30:41+00:00
ScienceDaily Health & Medicine,https://www.sciencedaily.com/news/health_medicine/,science,22,Could Quitting Ultra-Processed Food Boost Your Mental Health?,https://www.sciencedaily.com/releases/2026/09/260930225448.htm,2026-10-06T08:30:41+00:00
ScienceDaily Health & Medicine,https://www.sciencedaily.com/news/health_medicine/,science,23,"Cannabis Users Were Twice as Likely to Commit Violence, Review Finds",https://www.sciencedaily.com/releases/2026/09/260930020255.htm,2026-10-06T08:30:41+00:00
ScienceDaily Health & Medicine,https://www.sciencedaily.com/news/health_medicine/,science,24,"Creatine May Help Build Muscle Even Without Exercise, Researchers Find",https://www.sciencedaily.com/releases/2026/09/260928100547.htm,2026-10-06T08:30:41+00:00
ScienceDaily Health & Medicine,https://www.sciencedaily.com/news/health_medicine/,science,25,Alzheimer’s Risk Gene APOE4 May Have a Reversible Weakness,https://www.sciencedaily.com/releases/2026/09/260930225450.htm,2026-10-06T08:30:41+00:00
ScienceDaily Health & Medicine,https://www.sciencedaily.com/news/health_medicine/,science,26,Aging Muscles May Be Losing Strength for a Reason Scientists Missed,https://www.sciencedaily.com/releases/2026/09/260923035924.htm,2026-10-06T08:30:41+00:00
ScienceDaily Health & Medicine,https://www.sciencedaily.com/news/health_medicine/,science,27,GLP-1 Weight Loss and Diabetes Drugs Linked to Nutritional Deficiencies in Nearly 1 in 6 Children,https://www.sciencedaily.com/releases/2026/09/260923035926.htm,2026-10-06T08:30:41+00:00
ScienceDaily Health & Medicine,https://www.sciencedaily.com/news/health_medicine/,science,28,Rare Pregnancy Infections May Triple the Risk of Autism,https://www.sciencedaily.com/releases/2026/09/260922005653.htm,2026-10-06T08:30:41+00:00
ScienceDaily Health & Medicine,https://www.sciencedaily.com/news/health_medicine/,science,29,Chronic Stress May Be Quietly Reshaping Your Heart,https://www.sciencedaily.com/releases/2026/09/260920222354.htm,2026-10-06T08:30:41+00:00
ScienceDaily Health & Medicine,https://www.sciencedaily.com/news/health_medicine/,science,30,Stanford Scientists Discover the Human Brain May Actually Be Two Separate Organs,https://www.sciencedaily.com/releases/2026/09/260920222352.htm,2026-10-06T08:30:41+00:00
ScienceDaily Health & Medicine,https://www.sciencedaily.com/news/health_medicine/,science,31,More REM Sleep Linked to Lower Risk of 83 Diseases,https://www.sciencedaily.com/releases/2026/09/260923035930.htm,2026-10-06T08:30:41+00:00
ScienceDaily Health & Medicine,https://www.sciencedaily.com/news/health_medicine/,science,32,Ancient DNA Reveals How Plague Kept Returning for 400 Years After the Black Death,https://www.sciencedaily.com/releases/2026/09/260919031025.htm,2026-10-06T08:30:41+00:00
ScienceDaily Health & Medicine,https://www.sciencedaily.com/news/health_medicine/,science,33,Scientists Find the Whole Grain “sweet Spot” for Better Heart Health,https://www.sciencedaily.com/releases/2026/09/260915232126.htm,2026-10-06T08:30:41+00:00
ScienceDaily Health & Medicine,https://www.sciencedaily.com/news/health_medicine/,science,34,A Major Risk of Breast Cancer Screening May Have Been Overestimated for Decades,https://www.sciencedaily.com/releases/2026/09/260924020351.htm,2026-10-06T08:30:41+00:00
ScienceDaily Health & Medicine,https://www.sciencedaily.com/news/health_medicine/,science,35,Diabetes Study Finds Keeping Blood Sugar Too Steady May Come at a Price,https://www.sciencedaily.com/releases/2026/09/260927225019.htm,2026-10-06T08:30:41+00:00
ScienceDaily Health & Medicine,https://www.sciencedaily.com/news/health_medicine/,science,36,Your Next Prescription Could Be Treating a Side Effect from the Last One,https://www.sciencedaily.com/releases/2026/09/260911003843.htm,2026-10-06T08:30:41+00:00
ScienceDaily Health & Medicine,https://www.sciencedaily.com/news/health_medicine/,science,37,Study of 1.9 Million People Finds a Striking Link Between ADHD and Gut Problems,https://www.sciencedaily.com/releases/2026/09/260911003840.htm,2026-10-06T08:30:41+00:00
ScienceDaily Health & Medicine,https://www.sciencedaily.com/news/health_medicine/,science,38,Too Much Light at Night May Quietly Reshape Your Heart,https://www.sciencedaily.com/releases/2026/09/260911003847.htm,2026-10-06T08:30:41+00:00
ScienceDaily Health & Medicine,https://www.sciencedaily.com/news/health_medicine/,science,39,UCLA Scientists Turn Cord Blood Into Powerful Cancer-Fighting T Cells,https://www.sciencedaily.com/releases/2026/09/260909231723.htm,2026-10-06T08:30:41+00:00
ScienceDaily Health & Medicine,https://www.sciencedaily.com/news/health_medicine/,science,40,Hidden Stem Cells May Be Fueling Spinal Stenosis,https://www.sciencedaily.com/releases/2026/09/260927225017.htm,2026-10-06T08:30:41+00:00
ScienceDaily Health & Medicine,https://www.sciencedaily.com/news/health_medicine/,science,41,Ozempic and Wegovy Linked to Nearly 40% Fewer Asthma Attacks,https://www.sciencedaily.com/releases/2026/09/260909005155.htm,2026-10-06T08:30:41+00:00
ScienceDaily Health & Medicine,https://www.sciencedaily.com/news/health_medicine/,science,42,Scientists Find New Virus Behind Mysterious Tick Illness,https://www.sciencedaily.com/releases/2026/09/260927225027.htm,2026-10-06T08:30:41+00:00
ScienceDaily Health & Medicine,https://www.sciencedaily.com/news/health_medicine/,science,43,Scientists Found a Surprising Driver of Alzheimer’s Outside the Brain,https://www.sciencedaily.com/releases/2026/09/260925093150.htm,2026-10-06T08:30:41+00:00
ScienceDaily Health & Medicine,https://www.sciencedaily.com/news/health_medicine/,science,44,Ozempic and Wegovy May Raise Hair Loss Risk in Some Men,https://www.sciencedaily.com/releases/2026/09/260911214241.htm,2026-10-06T08:30:41+00:00
ScienceDaily Health & Medicine,https://www.sciencedaily.com/news/health_medicine/,science,45,Scientists Reveal the Hidden Instructions That Build the Human Brain,https://www.sciencedaily.com/releases/2026/09/260904000308.htm,2026-10-06T08:30:41+00:00
ScienceDaily Health & Medicine,https://www.sciencedaily.com/news/health_medicine/,science,46,Scientists Find Ozempic May Slow Aging Itself,https://www.sciencedaily.com/releases/2026/09/260911214238.htm,2026-10-06T08:30:41+00:00
ScienceDaily Health & Medicine,https://www.sciencedaily.com/news/health_medicine/,science,47,Your Personality May Be More Genetic Than Scientists Realized,https://www.sciencedaily.com/releases/2026/09/260907201554.htm,2026-10-06T08:30:41+00:00
ScienceDaily Health & Medicine,https://www.sciencedaily.com/news/health_medicine/,science,48,Scientists Observe Einstein’s Gravity in the Quantum World for the First Time,https://www.sciencedaily.com/releases/2026/09/260907201552.htm,2026-10-06T08:30:41+00:00
ScienceDaily Health & Medicine,https://www.sciencedaily.com/news/health_medicine/,science,49,Compound in Blueberries May Help Muscle Cells Burn Excess Fat,https://www.sciencedaily.com/releases/2026/09/260903064219.htm,2026-10-06T08:30:41+00:00
ScienceDaily Health & Medicine,https://www.sciencedaily.com/news/health_medicine/,science,50,“Broken Heart Syndrome” Can Look Just Like a Heart Attack. This Test Can Tell Them Apart,https://www.sciencedaily.com/releases/2026/09/260901070518.htm,2026-10-06T08:30:41+00:00
ScienceDaily Health & Medicine,https://www.sciencedaily.com/news/health_medicine/,science,51,Early Statin Use Linked to 15% Lower Dementia Risk,https://www.sciencedaily.com/releases/2026/09/260901070520.htm,2026-10-06T08:30:41+00:00
ScienceDaily Health & Medicine,https://www.sciencedaily.com/news/health_medicine/,science,52,Atrial Fibrillation Patients Saw 69% Lower Risk With Common Blood Thinners,https://www.sciencedaily.com/releases/2026/09/260925005439.htm,2026-10-06T08:30:41+00:00
ScienceDaily Health & Medicine,https://www.sciencedaily.com/news/health_medicine/,science,53,One CRISPR Treatment Cut “bad” Cholesterol in Half for a Full Year,https://www.sciencedaily.com/releases/2026/09/260925005434.htm,2026-10-06T08:30:41+00:00
ScienceDaily Health & Medicine,https://www.sciencedaily.com/news/health_medicine/,science,54,Heart Disease and Kidney Disease Can Fuel Each Other. New Guidelines Aim to Break the Cycle,https://www.sciencedaily.com/releases/2026/09/260902234447.htm,2026-10-06T08:30:41+00:00
ScienceDaily Health & Medicine,https://www.sciencedaily.com/news/health_medicine/,science,55,That Fresh Cleaning Smell Could Be Filling Your Home With Nanoparticles,https://www.sciencedaily.com/releases/2026/09/260925093152.htm,2026-10-06T08:30:41+00:00
ScienceDaily Health & Medicine,https://www.sciencedaily.com/news/health_medicine/,science,56,Hidden Gut Defect That May Explain Why IBD Keeps Coming Back,https://www.sciencedaily.com/releases/2026/09/260918024814.htm,2026-10-06T08:30:41+00:00
ScienceDaily Health & Medicine,https://www.sciencedaily.com/news/health_medicine/,science,57,A Cancer Therapy Put Severe Rheumatoid Arthritis Into Remission,https://www.sciencedaily.com/releases/2026/08/260828082330.htm,2026-10-06T08:30:41+00:00
ScienceDaily Health & Medicine,https://www.sciencedaily.com/news/health_medicine/,science,58,Keto Diet Cut Liver Fat by 67% in a Clinical Trial,https://www.sciencedaily.com/releases/2026/08/260828082327.htm,2026-10-06T08:30:41+00:00
ScienceDaily Health & Medicine,https://www.sciencedaily.com/news/health_medicine/,science,59,Scientists Find a Hidden Cause of High Blood Pressure That Routine Tests Can Miss,https://www.sciencedaily.com/releases/2026/09/260913081916.htm,2026-10-06T08:30:41+00:00
ScienceDaily Health & Medicine,https://www.sciencedaily.com/news/health_medicine/,science,60,Most Men Don’t Know Dairy Is Linked to Prostate Cancer Risk,https://www.sciencedaily.com/releases/2026/09/260911214259.htm,2026-10-06T08:30:41+00:00
ScienceDaily Health & Medicine,https://www.sciencedaily.com/news/health_medicine/,science,61,Who Really Needs a Heart Calcium Scan?,https://www.sciencedaily.com/releases/2026/09/260911214254.htm,2026-10-06T08:30:41+00:00
ScienceDaily Health & Medicine,https://www.sciencedaily.com/news/health_medicine/,science,62,The Secret to Longer Life May Be Hidden in Bat DNA,https://www.sciencedaily.com/releases/2026/09/260911003852.htm,2026-10-06T08:30:41+00:00
ScienceDaily Health & Medicine,https://www.sciencedaily.com/news/health_medicine/,science,63,160-Million-Year-Old Proteins Show Surprising Power Against Superbugs,https://www.sciencedaily.com/releases/2026/09/260925093155.htm,2026-10-06T08:30:41+00:00
ScienceDaily Health & Medicine,https://www.sciencedaily.com/news/health_medicine/,science,64,Scientists Gave Worms Magnetic Bacteria. They Lived 43% Longer,https://www.sciencedaily.com/releases/2026/09/260924020357.htm,2026-10-06T08:30:41+00:00
ScienceDaily Health & Medicine,https://www.sciencedaily.com/news/health_medicine/,science,65,Bird Flu Is Spreading. Your Backyard Feeder Could Make It Worse,https://www.sciencedaily.com/releases/2026/08/260824065519.htm,2026-10-06T08:30:41+00:00
ScienceDaily Health & Medicine,https://www.sciencedaily.com/news/health_medicine/,science,66,Ozempic and Wegovy May Have an Unexpected Mental Health Benefit,https://www.sciencedaily.com/releases/2026/09/260907201601.htm,2026-10-06T08:30:41+00:00
ScienceDaily Health & Medicine,https://www.sciencedaily.com/news/health_medicine/,science,67,Scientists Find a New Weakness in Treatment-Resistant Prostate Cancer,https://www.sciencedaily.com/releases/2026/09/260904000324.htm,2026-10-06T08:30:41+00:00
ScienceDaily Health & Medicine,https://www.sciencedaily.com/news/health_medicine/,science,68,Depression May Shut Down the Brain’s Ability to Make New Neurons,https://www.sciencedaily.com/releases/2026/08/260823094135.htm,2026-10-06T08:30:41+00:00
ScienceDaily Health & Medicine,https://www.sciencedaily.com/news/health_medicine/,science,69,Experimental Compound Helps Burn Fat Without Muscle Loss,https://www.sciencedaily.com/releases/2026/08/260823014953.htm,2026-10-06T08:30:41+00:00
ScienceDaily Health & Medicine,https://www.sciencedaily.com/news/health_medicine/,science,70,A Hidden “on Switch” in Human DNA Has Finally Been Decoded,https://www.sciencedaily.com/releases/2026/08/260823014943.htm,2026-10-06T08:30:41+00:00
ScienceDaily Health & Medicine,https://www.sciencedaily.com/news/health_medicine/,science,71,Scientists Find How “zombie” Cells Fuel Inflammation as We Age,https://www.sciencedaily.com/releases/2026/09/260911214301.htm,2026-10-06T08:30:41+00:00
ScienceDaily Health & Medicine,https://www.sciencedaily.com/news/health_medicine/,science,72,A Hidden Compound in Healthy Foods May Worsen IBD,https://www.sciencedaily.com/releases/2026/09/260911214250.htm,2026-10-06T08:30:41+00:00
ScienceDaily Health & Medicine,https://www.sciencedaily.com/news/health_medicine/,science,73,Eating Only 8 Hours a Day May Help Control Type 1 Diabetes,https://www.sciencedaily.com/releases/2026/09/260909231740.htm,2026-10-06T08:30:41+00:00
ScienceDaily Health & Medicine,https://www.sciencedaily.com/news/health_medicine/,science,74,AI May Know How You’ll Respond to a Vaccine Before You Get It,https://www.sciencedaily.com/releases/2026/08/260820202842.htm,2026-10-06T08:30:41+00:00
ScienceDaily Health & Medicine,https://www.sciencedaily.com/news/health_medicine/,science,75,A Simple at-Home Test Could Cut Colorectal Cancer Death Risk by 43%,https://www.sciencedaily.com/releases/2026/08/260820202833.htm,2026-10-06T08:30:41+00:00
ScienceDaily Health & Medicine,https://www.sciencedaily.com/news/health_medicine/,science,76,Pomegranate Compound Improves Heart Function by Up to 80% in Study,https://www.sciencedaily.com/releases/2026/09/260925093157.htm,2026-10-06T08:30:41+00:00
ScienceDaily Health & Medicine,https://www.sciencedaily.com/news/health_medicine/,science,77,Hidden “immune Organ” in the Skull May Help Fight Brain Cancer,https://www.sciencedaily.com/releases/2026/09/260915232134.htm,2026-10-06T08:30:41+00:00
ScienceDaily Health & Medicine,https://www.sciencedaily.com/news/health_medicine/,science,78,Hidden Brain Wiring May Help Keep the Mind Sharp as Gray Matter Shrinks,https://www.sciencedaily.com/releases/2026/09/260913081921.htm,2026-10-06T08:30:41+00:00
ScienceDaily Health & Medicine,https://www.sciencedaily.com/news/health_medicine/,science,79,Alzheimer’s May Leave a Mark on the Brain Long Before Plaques Appear,https://www.sciencedaily.com/releases/2026/08/260831015144.htm,2026-10-06T08:30:41+00:00
ScienceDaily Health & Medicine,https://www.sciencedaily.com/news/health_medicine/,science,80,People Who Live Past 110 Have an Unusual Abundance of Killer Immune Cells,https://www.sciencedaily.com/releases/2026/08/260823014950.htm,2026-10-06T08:30:41+00:00
ScienceDaily Health & Medicine,https://www.sciencedaily.com/news/health_medicine/,science,81,Gut Bacteria May Unlock a Hidden Benefit of Vegetables,https://www.sciencedaily.com/releases/2026/08/260822015145.htm,2026-10-06T08:30:41+00:00
ScienceDaily Health & Medicine,https://www.sciencedaily.com/news/health_medicine/,science,82,This Common Vitamin Was Linked to 13% Better Cognitive Scores,https://www.sciencedaily.com/releases/2026/08/260822015138.htm,2026-10-06T08:30:41+00:00
ScienceDaily Health & Medicine,https://www.sciencedaily.com/news/health_medicine/,science,83,Mulberry May Reshape Gut Bacteria and Influence Metabolism,https://www.sciencedaily.com/releases/2026/09/260928100551.htm,2026-10-06T08:30:41+00:00
ScienceDaily Health & Medicine,https://www.sciencedaily.com/news/health_medicine/,science,84,What You Eat Before Age 2 May Affect Your Health 70 Years Later,https://www.sciencedaily.com/releases/2026/08/260824065522.htm,2026-10-06T08:30:41+00:00
ScienceDaily Health & Medicine,https://www.sciencedaily.com/news/health_medicine/,science,85,A Missing Color in Indoor Light May Help Prevent Myopia,https://www.sciencedaily.com/releases/2026/08/260824065510.htm,2026-10-06T08:30:41+00:00
ScienceDaily Health & Medicine,https://www.sciencedaily.com/news/health_medicine/,science,86,One Sugary Drink a Day Linked to More Than Double the Risk of Stomach Cancer,https://www.sciencedaily.com/releases/2026/09/260909005207.htm,2026-10-06T08:30:41+00:00
ScienceDaily Health & Medicine,https://www.sciencedaily.com/news/health_medicine/,science,87,"Vitamin C Won’t Prevent Most Colds, but It May Do One Small Thing",https://www.sciencedaily.com/releases/2026/08/260827010507.htm,2026-10-06T08:30:41+00:00
ScienceDaily Health & Medicine,https://www.sciencedaily.com/news/health_medicine/,science,88,Scientists Discover a Brain “brake” That Can Shut Down Chronic Pain,https://www.sciencedaily.com/releases/2026/08/260826055442.htm,2026-10-06T08:30:41+00:00
ScienceDaily Health & Medicine,https://www.sciencedaily.com/news/health_medicine/,science,89,Knee Osteoarthritis Isn’t Inevitable — Here’s What You Can Do,https://www.sciencedaily.com/releases/2026/08/260820002420.htm,2026-10-06T08:30:41+00:00
ScienceDaily Health & Medicine,https://www.sciencedaily.com/news/health_medicine/,science,90,A Mother’s Age Can Shape Her Offspring Without Changing Their DNA,https://www.sciencedaily.com/releases/2026/08/260819041220.htm,2026-10-06T08:30:41+00:00
ScienceDaily Health & Medicine,https://www.sciencedaily.com/news/health_medicine/,science,91,Blood Tests Reveal Why Astronauts Get Constipated in Space,https://www.sciencedaily.com/releases/2026/09/260927225030.htm,2026-10-06T08:30:41+00:00
ScienceDaily Health & Medicine,https://www.sciencedaily.com/news/health_medicine/,science,92,Your Waist Size May Reveal Health Risks BMI Misses,https://www.sciencedaily.com/releases/2026/08/260829035208.htm,2026-10-06T08:30:41+00:00
ScienceDaily Health & Medicine,https://www.sciencedaily.com/news/health_medicine/,science,93,Quitting Alcohol May Prime the Brain for Relapse,https://www.sciencedaily.com/releases/2026/08/260822015148.htm,2026-10-06T08:30:41+00:00
ScienceDaily Health & Medicine,https://www.sciencedaily.com/news/health_medicine/,science,94,A Common Vape Flavoring May Disrupt Early Embryo Development,https://www.sciencedaily.com/releases/2026/08/260828005215.htm,2026-10-06T08:30:41+00:00
ScienceDaily Health & Medicine,https://www.sciencedaily.com/news/health_medicine/,science,95,3 Minutes of Sprinting Does Something 90 Minutes of Exercise Does Not,https://www.sciencedaily.com/releases/2026/08/260821012208.htm,2026-10-06T08:30:41+00:00
ScienceDaily Health & Medicine,https://www.sciencedaily.com/news/health_medicine/,science,96,"Coffee Drinkers Have Less Fat, More Muscle, and Surprising Hormone Differences",https://www.sciencedaily.com/releases/2026/08/260819041228.htm,2026-10-06T08:30:41+00:00
ScienceDaily Health & Medicine,https://www.sciencedaily.com/news/health_medicine/,science,97,A Surprising Brain Discovery Could Help Explain Why We Overeat Fatty Foods,https://www.sciencedaily.com/releases/2026/08/260813045531.htm,2026-10-06T08:30:41+00:00
ScienceDaily Health & Medicine,https://www.sciencedaily.com/news/health_medicine/,science,98,Scientists Thought They Knew How This 70-Year-Old Leukemia Drug Worked,https://www.sciencedaily.com/releases/2026/09/260923035932.htm,2026-10-06T08:30:41+00:00
ScienceDaily Health & Medicine,https://www.sciencedaily.com/news/health_medicine/,science,99,These Blood Thinners May Have an Unexpected Benefit for Alzheimer’s Patients,https://www.sciencedaily.com/releases/2026/09/260917003732.htm,2026-10-06T08:30:41+00:00
ScienceDaily Health & Medicine,https://www.sciencedaily.com/news/health_medicine/,science,100,Some Joints May Be Primed for Rheumatoid Arthritis Before Birth,https://www.sciencedaily.com/releases/2026/09/260901070538.htm,2026-10-06T08:30:41+00:00
ScienceDaily Health & Medicine,https://www.sciencedaily.com/news/health_medicine/,science,101,One Injection Could Keep Osteoarthritis Drugs Working for Weeks,https://www.sciencedaily.com/releases/2026/08/260829235947.htm,2026-10-06T08:30:41+00:00
ScienceDaily Health & Medicine,https://www.sciencedaily.com/news/health_medicine/,science,102,Eating More Ultra-Processed Foods May Raise Prostate Cancer Risk by 30%,https://www.sciencedaily.com/releases/2026/08/260826055457.htm,2026-10-06T08:30:41+00:00
ScienceDaily Health & Medicine,https://www.sciencedaily.com/news/health_medicine/,science,103,Taking the Stairs Could Protect Your Heart and Help You Live Longer,https://www.sciencedaily.com/releases/2026/08/260814011029.htm,2026-10-06T08:30:41+00:00
ScienceDaily Health & Medicine,https://www.sciencedaily.com/news/health_medicine/,science,104,Women Taking Estrogen Had Fewer Signs of Alzheimer’s in Their Brains,https://www.sciencedaily.com/releases/2026/08/260814011028.htm,2026-10-06T08:30:41+00:00
ScienceDaily Health & Medicine,https://www.sciencedaily.com/news/health_medicine/,science,105,The U.S. Eradicated This Flesh-Eating Parasite. Now It’s Back,https://www.sciencedaily.com/releases/2026/09/260914102439.htm,2026-10-06T08:30:41+00:00
ScienceDaily Health & Medicine,https://www.sciencedaily.com/news/health_medicine/,science,106,Your Sleep May Be Hiding an Early Clue to Alzheimer’s,https://www.sciencedaily.com/releases/2026/08/260828005218.htm,2026-10-06T08:30:41+00:00
ScienceDaily Health & Medicine,https://www.sciencedaily.com/news/health_medicine/,science,107,Ozempic Does Something Unexpected to the Brain’s Hunger Neurons,https://www.sciencedaily.com/releases/2026/08/260820002436.htm,2026-10-06T08:30:41+00:00
ScienceDaily Health & Medicine,https://www.sciencedaily.com/news/health_medicine/,science,108,This Weight-Loss Hormone May Protect the Liver Even Without Weight Loss,https://www.sciencedaily.com/releases/2026/08/260820202854.htm,2026-10-06T08:30:41+00:00
ScienceDaily Health & Medicine,https://www.sciencedaily.com/news/health_medicine/,science,109,A Surprising Triple Treatment Completely Clears Hiv in Newborn Primates,https://www.sciencedaily.com/releases/2026/08/260812015200.htm,2026-10-06T08:30:41+00:00
ScienceDaily Health & Medicine,https://www.sciencedaily.com/news/health_medicine/,science,110,The Adult Brain Can Repair Itself Better Than Scientists Thought,https://www.sciencedaily.com/releases/2026/08/260812015158.htm,2026-10-06T08:30:41+00:00
ScienceDaily Health & Medicine,https://www.sciencedaily.com/news/health_medicine/,science,111,Marine Heatwaves Are Harming Human Health in Surprising Ways,https://www.sciencedaily.com/releases/2026/08/260811011127.htm,2026-10-06T08:30:41+00:00
ScienceDaily Health & Medicine,https://www.sciencedaily.com/news/health_medicine/,science,112,High Blood Sugar May Help Cancer Cells Hide from the Immune System,https://www.sciencedaily.com/releases/2026/08/260829235950.htm,2026-10-06T08:30:41+00:00
ScienceDaily Health & Medicine,https://www.sciencedaily.com/news/health_medicine/,science,113,Childhood Trauma May Leave a Lasting “scar” Inside Brain Cells,https://www.sciencedaily.com/releases/2026/08/260823094151.htm,2026-10-06T08:30:41+00:00
ScienceDaily Health & Medicine,https://www.sciencedaily.com/news/health_medicine/,science,114,Scientists Find a Weak Spot in One of the Deadliest Brain Cancers,https://www.sciencedaily.com/releases/2026/09/260903064242.htm,2026-10-06T08:30:41+00:00
ScienceDaily Health & Medicine,https://www.sciencedaily.com/news/health_medicine/,science,115,Common Supplements Rival Antibiotics for Severe Gum Disease,https://www.sciencedaily.com/releases/2026/08/260829035216.htm,2026-10-06T08:30:41+00:00
ScienceDaily Health & Medicine,https://www.sciencedaily.com/news/health_medicine/,science,116,Low-Fat Vegan Diet Helps People Lose Weight Without Eating Less,https://www.sciencedaily.com/releases/2026/08/260815064825.htm,2026-10-06T08:30:41+00:00
ScienceDaily Health & Medicine,https://www.sciencedaily.com/news/health_medicine/,science,117,A Drug Already Used for Osteoporosis Blocked Spinal Damage in a New Study,https://www.sciencedaily.com/releases/2026/08/260806051943.htm,2026-10-06T08:30:41+00:00
ScienceDaily Health & Medicine,https://www.sciencedaily.com/news/health_medicine/,science,118,This New Drug Could Break Cancer’s Resistance to Treatment,https://www.sciencedaily.com/releases/2026/09/260921081112.htm,2026-10-06T08:30:41+00:00
ScienceDaily Health & Medicine,https://www.sciencedaily.com/news/health_medicine/,science,119,Smart Nanoparticles Light Up Brain Cancer and Destroy What Surgery Misses,https://www.sciencedaily.com/releases/2026/08/260826060617.htm,2026-10-06T08:30:41+00:00
ScienceDaily Health & Medicine,https://www.sciencedaily.com/news/health_medicine/,science,120,COVID-19 Awakens Dormant Viruses — and One Is Linked to Long COVID,https://www.sciencedaily.com/releases/2026/08/260814011034.htm,2026-10-06T08:30:41+00:00
ScienceDaily Health & Medicine,https://www.sciencedaily.com/news/health_medicine/,science,121,"Immune Cells Flood Into the Aging Brain, Stanford Scientists Discover",https://www.sciencedaily.com/releases/2026/08/260814011033.htm,2026-10-06T08:30:41+00:00
ScienceDaily Health & Medicine,https://www.sciencedaily.com/news/health_medicine/,science,122,Dirty Air May Trigger Painful Rheumatoid Arthritis Flares,https://www.sciencedaily.com/releases/2026/08/260805082452.htm,2026-10-06T08:30:41+00:00
ScienceDaily Health & Medicine,https://www.sciencedaily.com/news/health_medicine/,science,123,Vagus Nerve Stimulation Boosts Learning,https://www.sciencedaily.com/releases/2026/10/261002080034.htm,2026-10-06T08:30:41+00:00
ScienceDaily Health & Medicine,https://www.sciencedaily.com/news/health_medicine/,science,124,Halley’s Comet Meteors Return,https://www.sciencedaily.com/releases/2026/10/261005071523.htm,2026-10-06T08:30:41+00:00
ScienceDaily Health & Medicine,https://www.sciencedaily.com/news/health_medicine/,science,125,NASA Hunts for a Hidden Moon Cave,https://www.sciencedaily.com/releases/2026/10/261003234013.htm,2026-10-06T08:30:41+00:00
ScienceDaily Health & Medicine,https://www.sciencedaily.com/news/health_medicine/,science,126,Meteor Hit Oklahoma 100 Million Years Later,https://www.sciencedaily.com/releases/2026/10/261002080012.htm,2026-10-06T08:30:41+00:00
ScienceDaily Health & Medicine,https://www.sciencedaily.com/news/health_medicine/,science,127,A Magnetic Clue to the Hubble Tension,https://www.sciencedaily.com/releases/2026/10/261002080026.htm,2026-10-06T08:30:41+00:00
ScienceDaily Health & Medicine,https://www.sciencedaily.com/news/health_medicine/,science,128,Forgotten Forest Study Reveals a Surprise,https://www.sciencedaily.com/releases/2026/10/261001214120.htm,2026-10-06T08:30:41+00:00
ScienceDaily Society,https://www.sciencedaily.com/news/top/society/,science,1,ADHD and Autism Diagnoses Have Surged. a Massive Study May Help Explain Why,https://www.sciencedaily.com/releases/2026/09/260924020353.htm,2026-10-06T08:30:41+00:00
ScienceDaily Society,https://www.sciencedaily.com/news/top/society/,science,2,The End of Humanity? What Would Happen If the Yellowstone Supervolcano Erupted Now,https://www.sciencedaily.com/releases/2026/09/260922005655.htm,2026-10-06T08:30:41+00:00
ScienceDaily Society,https://www.sciencedaily.com/news/top/society/,science,3,This German Submarine Sank in 1917. It’s Still Leaking TNT,https://www.sciencedaily.com/releases/2026/09/260913081919.htm,2026-10-06T08:30:41+00:00
ScienceDaily Society,https://www.sciencedaily.com/news/top/society/,science,4,NASA-backed Scientists Turn Plastic Waste Into Edible Cookies,https://www.sciencedaily.com/releases/2026/09/260912220033.htm,2026-10-06T08:30:41+00:00
ScienceDaily Society,https://www.sciencedaily.com/news/top/society/,science,5,Common Medications May Change Your Gut for Years,https://www.sciencedaily.com/releases/2026/08/260824065605.htm,2026-10-06T08:30:41+00:00
ScienceDaily Society,https://www.sciencedaily.com/news/top/society/,science,6,Screen Time at Ages 1 and 6 May Matter More Than Parents Realize,https://www.sciencedaily.com/releases/2026/08/260823094152.htm,2026-10-06T08:30:41+00:00
ScienceDaily Society,https://www.sciencedaily.com/news/top/society/,science,7,Scientists Tracked Kids for 8 Years — The Screen Time Result Was Unexpected,https://www.sciencedaily.com/releases/2026/08/260815064803.htm,2026-10-06T08:30:41+00:00
ScienceDaily Society,https://www.sciencedaily.com/news/top/society/,science,8,Some Coastal Cities Are Sinking Faster Than the Ocean Is Rising,https://www.sciencedaily.com/releases/2026/08/260801042824.htm,2026-10-06T08:30:41+00:00
ScienceDaily Society,https://www.sciencedaily.com/news/top/society/,science,9,Alien Signals May Be Hiding Where We Rarely Listen,https://www.sciencedaily.com/releases/2026/07/260726015239.htm,2026-10-06T08:30:41+00:00
ScienceDaily Society,https://www.sciencedaily.com/news/top/society/,science,10,Inside the Backrooms: The Internet’s Creepiest Place Is Becoming a Tourist Attraction,https://www.sciencedaily.com/releases/2026/07/260726015254.htm,2026-10-06T08:30:41+00:00
ScienceDaily Society,https://www.sciencedaily.com/news/top/society/,science,11,Sweden’s Hidden Rare Earth Deposits Could Help Break China’s Grip,https://www.sciencedaily.com/releases/2026/07/260723084055.htm,2026-10-06T08:30:41+00:00
ScienceDaily Society,https://www.sciencedaily.com/news/top/society/,science,12,New Research Reveals the Hidden Pollution Left Behind by Fireworks,https://www.sciencedaily.com/releases/2026/07/260701205009.htm,2026-10-06T08:30:41+00:00
ScienceDaily Society,https://www.sciencedaily.com/news/top/society/,science,13,Vagus Nerve Stimulation Could Help New Skills Stick,https://www.sciencedaily.com/releases/2026/10/261002080034.htm,2026-10-06T08:30:41+00:00
ScienceDaily Society,https://www.sciencedaily.com/news/top/society/,science,14,"Pompeii’s 2,000-Year-Old Eruption Just Gave Scientists a Better Clock for Earth’s Past",https://www.sciencedaily.com/releases/2026/09/260928100531.htm,2026-10-06T08:30:41+00:00
ScienceDaily Society,https://www.sciencedaily.com/news/top/society/,science,15,These Medieval Graves Looked Like Family Burials. DNA Told a Different Story,https://www.sciencedaily.com/releases/2026/09/260925005444.htm,2026-10-06T08:30:41+00:00
ScienceDaily Society,https://www.sciencedaily.com/news/top/society/,science,16,"Scientists Burned Their Own Scrolls to Unlock a 2,000-Year-Old Mystery",https://www.sciencedaily.com/releases/2026/09/260925005414.htm,2026-10-06T08:30:41+00:00
ScienceDaily Society,https://www.sciencedaily.com/news/top/society/,science,17,Why Viking Museums Still Can’t Escape the Warrior Myth,https://www.sciencedaily.com/releases/2026/09/260922005805.htm,2026-10-06T08:30:41+00:00
ScienceDaily Society,https://www.sciencedaily.com/news/top/society/,science,18,Stonehenge’s 6-Ton Altar Stone May Have Traveled from Scotland by Glacier,https://www.sciencedaily.com/releases/2026/09/260922005715.htm,2026-10-06T08:30:41+00:00
ScienceDaily Society,https://www.sciencedaily.com/news/top/society/,science,19,"Scientists May Have Solved a 2,000-Year-Old Dead Sea Scrolls Mystery",https://www.sciencedaily.com/releases/2026/09/260919031035.htm,2026-10-06T08:30:41+00:00
ScienceDaily Society,https://www.sciencedaily.com/news/top/society/,science,20,Ancient DNA Reveals How Plague Kept Returning for 400 Years After the Black Death,https://www.sciencedaily.com/releases/2026/09/260919031025.htm,2026-10-06T08:30:41+00:00
ScienceDaily Society,https://www.sciencedaily.com/news/top/society/,science,21,"This Australian Cave Hid 25,000 Years of Ritual Secrets",https://www.sciencedaily.com/releases/2026/09/260914102443.htm,2026-10-06T08:30:41+00:00
ScienceDaily Society,https://www.sciencedaily.com/news/top/society/,science,22,DNA Solves the Mystery of a Body Found in the Arctic in 1859,https://www.sciencedaily.com/releases/2026/09/260909231735.htm,2026-10-06T08:30:41+00:00
ScienceDaily Society,https://www.sciencedaily.com/news/top/society/,science,23,"Ancient Teeth Reveal Humans Were Getting High 25,000 Years Ago",https://www.sciencedaily.com/releases/2026/09/260909231705.htm,2026-10-06T08:30:41+00:00
ScienceDaily Society,https://www.sciencedaily.com/news/top/society/,science,24,"Devil’s Arrows: Ancient Builders Hauled 55,000-Pound Stones 11 Miles for Britain’s Tallest Stone Row",https://www.sciencedaily.com/releases/2026/09/260909005152.htm,2026-10-06T08:30:41+00:00
ScienceDaily Society,https://www.sciencedaily.com/news/top/society/,science,25,Your Personality May Be More Genetic Than Scientists Realized,https://www.sciencedaily.com/releases/2026/09/260907201554.htm,2026-10-06T08:30:41+00:00
ScienceDaily Society,https://www.sciencedaily.com/news/top/society/,science,26,Scientists Say the Human Family Tree May Need a Major Rewrite,https://www.sciencedaily.com/releases/2026/08/260820002413.htm,2026-10-06T08:30:41+00:00
ScienceDaily Society,https://www.sciencedaily.com/news/top/society/,science,27,16 Mummies and a Dog Reveal a Hidden Order Inside an Ancient Egyptian Tomb,https://www.sciencedaily.com/releases/2026/08/260819041218.htm,2026-10-06T08:30:41+00:00
ScienceDaily Society,https://www.sciencedaily.com/news/top/society/,science,28,"Researchers Followed 400,000 Kids for 20 Years and Found a Lasting Pre-K Advantage",https://www.sciencedaily.com/releases/2026/08/260828005213.htm,2026-10-06T08:30:41+00:00
ScienceDaily Society,https://www.sciencedaily.com/news/top/society/,science,29,"For 15,000 Years, Humans and Dogs Have Been Changing Each Other",https://www.sciencedaily.com/releases/2026/08/260810015700.htm,2026-10-06T08:30:41+00:00
ScienceDaily Society,https://www.sciencedaily.com/news/top/society/,science,30,Mathematicians Prove Perfectly Fair Elections Are Impossible,https://www.sciencedaily.com/releases/2026/08/260801042812.htm,2026-10-06T08:30:41+00:00
ScienceDaily Society,https://www.sciencedaily.com/news/top/society/,science,31,Three Forgotten Kings Could Rewrite the History of Ancient Assyria,https://www.sciencedaily.com/releases/2026/08/260824065549.htm,2026-10-06T08:30:41+00:00
ScienceDaily Society,https://www.sciencedaily.com/news/top/society/,science,32,Scientists Say Love Follows Hidden Mathematical Rules,https://www.sciencedaily.com/releases/2026/09/260906170140.htm,2026-10-06T08:30:41+00:00
ScienceDaily Society,https://www.sciencedaily.com/news/top/society/,science,33,Money Problems May Age Your Brain Faster,https://www.sciencedaily.com/releases/2026/08/260831015154.htm,2026-10-06T08:30:41+00:00
ScienceDaily Society,https://www.sciencedaily.com/news/top/society/,science,34,Scientists Put the “recycling Is a Distraction” Claim to the Test,https://www.sciencedaily.com/releases/2026/07/260724061437.htm,2026-10-06T08:30:41+00:00
ScienceDaily Society,https://www.sciencedaily.com/news/top/society/,science,35,Archaeologists Discover Mysterious 400-Year-Old Indigenous Pot in Florida,https://www.sciencedaily.com/releases/2026/08/260820202902.htm,2026-10-06T08:30:41+00:00
ScienceDaily Society,https://www.sciencedaily.com/news/top/society/,science,36,"The Billion-Dollar Problem Keeping Ozempic, Wegovy, and Zepbound from Patients",https://www.sciencedaily.com/releases/2026/07/260723084854.htm,2026-10-06T08:30:41+00:00
ScienceDaily Society,https://www.sciencedaily.com/news/top/society/,science,37,Ancient Egyptian Princesses Were Buried With Weapons. Their Bones Reveal Why,https://www.sciencedaily.com/releases/2026/08/260828082348.htm,2026-10-06T08:30:41+00:00
ScienceDaily Society,https://www.sciencedaily.com/news/top/society/,science,38,DNA on the Shroud of Turin Reveals Centuries of Hidden History,https://www.sciencedaily.com/releases/2026/08/260803080859.htm,2026-10-06T08:30:41+00:00
ScienceDaily Society,https://www.sciencedaily.com/news/top/society/,science,39,"Earth’s Waters Are Quietly Running out of Oxygen, Scientists Warn",https://www.sciencedaily.com/releases/2026/07/260719035939.htm,2026-10-06T08:30:41+00:00
ScienceDaily Society,https://www.sciencedaily.com/news/top/society/,science,40,Alan Turing's Biggest AI Assumption May Have Been Wrong,https://www.sciencedaily.com/releases/2026/07/260713084850.htm,2026-10-06T08:30:41+00:00
ScienceDaily Society,https://www.sciencedaily.com/news/top/society/,science,41,NASA's Hubble Spots a Stellar Sparkler for the Fourth of July,https://www.sciencedaily.com/releases/2026/07/260704232642.htm,2026-10-06T08:30:41+00:00
ScienceDaily Society,https://www.sciencedaily.com/news/top/society/,science,42,NASA's Hubble Captures a Crimson Stellar Nursery Sparkling With Blue and White Stars,https://www.sciencedaily.com/releases/2026/07/260704232639.htm,2026-10-06T08:30:41+00:00
ScienceDaily Society,https://www.sciencedaily.com/news/top/society/,science,43,"NASA's Hubble Captures a Star-Spangled Sea of 500,000 Stars",https://www.sciencedaily.com/releases/2026/07/260704232634.htm,2026-10-06T08:30:41+00:00
ScienceDaily Society,https://www.sciencedaily.com/news/top/society/,science,44,Nearly Half of Kidney Transplant Patients Never Even Get Started,https://www.sciencedaily.com/releases/2026/06/260623014006.htm,2026-10-06T08:30:41+00:00
ScienceDaily Society,https://www.sciencedaily.com/news/top/society/,science,45,"Ancient DNA Reveals Plague Was Already Killing Humans 5,500 Years Ago",https://www.sciencedaily.com/releases/2026/06/260618041450.htm,2026-10-06T08:30:41+00:00
ScienceDaily Society,https://www.sciencedaily.com/news/top/society/,science,46,SpaceX Wants to Build AI Data Centers in Space. Will It Work?,https://www.sciencedaily.com/releases/2026/06/260618041501.htm,2026-10-06T08:30:41+00:00
ScienceDaily Society,https://www.sciencedaily.com/news/top/society/,science,47,Early Humans Were Bringing Fire Into Caves 1.8 Million Years Ago,https://www.sciencedaily.com/releases/2026/06/260623083123.htm,2026-10-06T08:30:41+00:00
ScienceDaily Society,https://www.sciencedaily.com/news/top/society/,science,48,Spider-Like Creatures Help Uncover the Surprising Origins of Fatherhood,https://www.sciencedaily.com/releases/2026/07/260712011737.htm,2026-10-06T08:30:41+00:00
ScienceDaily Society,https://www.sciencedaily.com/news/top/society/,science,49,Why Grandparents Matter More Than Ever for Children's Mental Health,https://www.sciencedaily.com/releases/2026/06/260613034206.htm,2026-10-06T08:30:41+00:00
ScienceDaily Society,https://www.sciencedaily.com/news/top/society/,science,50,New Fentanyl Vaccine Blocks Deadly Overdoses Before They Start,https://www.sciencedaily.com/releases/2026/06/260612032029.htm,2026-10-06T08:30:41+00:00
ScienceDaily Society,https://www.sciencedaily.com/news/top/society/,science,51,The Universe May Be Hiding Conscious Minds Stranger Than We Can Imagine,https://www.sciencedaily.com/releases/2026/06/260623083146.htm,2026-10-06T08:30:41+00:00
ScienceDaily Society,https://www.sciencedaily.com/news/top/society/,science,52,"Your Dislike of Eating Bugs May Be 9,000 Years Old",https://www.sciencedaily.com/releases/2026/08/260827010516.htm,2026-10-06T08:30:41+00:00
ScienceDaily Society,https://www.sciencedaily.com/news/top/society/,science,53,Everyone Thought These Helmets Were Roman Until Scientists Uncovered the Truth,https://www.sciencedaily.com/releases/2026/06/260606075515.htm,2026-10-06T08:30:41+00:00
ScienceDaily Society,https://www.sciencedaily.com/news/top/society/,science,54,Stonehenge's Most Mysterious Stone Traveled 700 Kilometers Across Britain,https://www.sciencedaily.com/releases/2026/06/260608040003.htm,2026-10-06T08:30:41+00:00
ScienceDaily Society,https://www.sciencedaily.com/news/top/society/,science,55,AI-Designed Universal Coronavirus Vaccine Passes First Human Trial,https://www.sciencedaily.com/releases/2026/06/260605023357.htm,2026-10-06T08:30:41+00:00
ScienceDaily Society,https://www.sciencedaily.com/news/top/society/,science,56,Chinese Sodium Battery Surprised Scientists by Matching Key Tesla Benchmarks,https://www.sciencedaily.com/releases/2026/06/260621060305.htm,2026-10-06T08:30:41+00:00
ScienceDaily Society,https://www.sciencedaily.com/news/top/society/,science,57,Your Brain Was Never Designed for This Much Bad News,https://www.sciencedaily.com/releases/2026/06/260614012006.htm,2026-10-06T08:30:41+00:00
ScienceDaily Society,https://www.sciencedaily.com/news/top/society/,science,58,Scientists Create Global Treasure Map Pointing to Hidden Rare Earth Deposits,https://www.sciencedaily.com/releases/2026/05/260525000450.htm,2026-10-06T08:30:41+00:00
ScienceDaily Society,https://www.sciencedaily.com/news/top/society/,science,59,AI Won’t Replace You but Someone Using AI Might,https://www.sciencedaily.com/releases/2026/05/260525000448.htm,2026-10-06T08:30:41+00:00
ScienceDaily Society,https://www.sciencedaily.com/news/top/society/,science,60,Why Scientists Fear We're Missing Evidence of Extraterrestrial Life,https://www.sciencedaily.com/releases/2026/06/260623083121.htm,2026-10-06T08:30:41+00:00
ScienceDaily Society,https://www.sciencedaily.com/news/top/society/,science,61,"This 4,000-Year-Old City Defied the Rules of History",https://www.sciencedaily.com/releases/2026/07/260729010730.htm,2026-10-06T08:30:41+00:00
ScienceDaily Society,https://www.sciencedaily.com/news/top/society/,science,62,The Secret Hidden in These Ancient Manuscripts Isn’t Written in Ink,https://www.sciencedaily.com/releases/2026/08/260810015723.htm,2026-10-06T08:30:41+00:00
ScienceDaily Society,https://www.sciencedaily.com/news/top/society/,science,63,Scientists Discover Massive Natural Hydrogen Source Beneath Canada,https://www.sciencedaily.com/releases/2026/05/260519224317.htm,2026-10-06T08:30:41+00:00
ScienceDaily Society,https://www.sciencedaily.com/news/top/society/,science,64,Scientists Say Dante’s Inferno Described an Asteroid Impact 500 Years Before Modern Science,https://www.sciencedaily.com/releases/2026/05/260510234658.htm,2026-10-06T08:30:41+00:00
ScienceDaily Society,https://www.sciencedaily.com/news/top/society/,science,65,"Ice Age Humans in China Crafted Surprisingly Advanced Stone Tools 146,000 Years Ago",https://www.sciencedaily.com/releases/2026/05/260508003113.htm,2026-10-06T08:30:41+00:00
ScienceDaily Society,https://www.sciencedaily.com/news/top/society/,science,66,Potatoes May Have Given Indigenous Andeans a Digestive Superpower,https://www.sciencedaily.com/releases/2026/08/260808235005.htm,2026-10-06T08:30:41+00:00
ScienceDaily Society,https://www.sciencedaily.com/news/top/society/,science,67,"A Child's Tooth and Strange Green Stones Uncover a 5,500-Year-Old Mystery",https://www.sciencedaily.com/releases/2026/06/260603023914.htm,2026-10-06T08:30:41+00:00
ScienceDaily Society,https://www.sciencedaily.com/news/top/society/,science,68,Ancient Chemistry Trick Unlocks New Type of Glass That Traps CO2 and Hydrogen,https://www.sciencedaily.com/releases/2026/05/260521072404.htm,2026-10-06T08:30:41+00:00
ScienceDaily Society,https://www.sciencedaily.com/news/top/society/,science,69,The Dark Side of Weight Loss Drugs: Ozempic's Surprising Hidden Cost,https://www.sciencedaily.com/releases/2026/05/260504154016.htm,2026-10-06T08:30:41+00:00
ScienceDaily Society,https://www.sciencedaily.com/news/top/society/,science,70,Hidden Driving Danger When Edible Cannabis and Alcohol Mix,https://www.sciencedaily.com/releases/2026/05/260529043656.htm,2026-10-06T08:30:41+00:00
ScienceDaily Society,https://www.sciencedaily.com/news/top/society/,science,71,"Lost 1,200-Year-Old Manuscript Contains the First English Poem",https://www.sciencedaily.com/releases/2026/05/260515233337.htm,2026-10-06T08:30:41+00:00
ScienceDaily Society,https://www.sciencedaily.com/news/top/society/,science,72,Scientists Just Discovered Africa Is Closer to Breaking Apart Than We Thought,https://www.sciencedaily.com/releases/2026/04/260424233204.htm,2026-10-06T08:30:41+00:00
ScienceDaily Society,https://www.sciencedaily.com/news/top/society/,science,73,"Kratom Poison Center Cases Have Surged 6,500% in the U.S.",https://www.sciencedaily.com/releases/2026/08/260814235902.htm,2026-10-06T08:30:41+00:00
ScienceDaily Society,https://www.sciencedaily.com/news/top/society/,science,74,Ancient DNA Shared With Neanderthals May Explain Human Language,https://www.sciencedaily.com/releases/2026/06/260611024612.htm,2026-10-06T08:30:41+00:00
ScienceDaily Society,https://www.sciencedaily.com/news/top/society/,science,75,"Malaria Didn’t Just Kill Early Humans, It Shaped Who We Became",https://www.sciencedaily.com/releases/2026/05/260502233859.htm,2026-10-06T08:30:41+00:00
ScienceDaily Society,https://www.sciencedaily.com/news/top/society/,science,76,Scientists Think They Finally Know Why Neanderthals Vanished,https://www.sciencedaily.com/releases/2026/04/260427050609.htm,2026-10-06T08:30:41+00:00
ScienceDaily Society,https://www.sciencedaily.com/news/top/society/,science,77,Your Neighborhood in Your 20s May Shape Your Heart Decades Later,https://www.sciencedaily.com/releases/2026/08/260830000009.htm,2026-10-06T08:30:41+00:00
ScienceDaily Society,https://www.sciencedaily.com/news/top/society/,science,78,Common Food Preservative Linked to Rising Suicide Deaths Among Young People,https://www.sciencedaily.com/releases/2026/08/260813045557.htm,2026-10-06T08:30:41+00:00
ScienceDaily Society,https://www.sciencedaily.com/news/top/society/,science,79,"Archaeologists Found Homer's Iliad Inside a 1,600-Year-Old Egyptian Mummy",https://www.sciencedaily.com/releases/2026/07/260713084918.htm,2026-10-06T08:30:41+00:00
ScienceDaily Society,https://www.sciencedaily.com/news/top/society/,science,80,Ancient DNA Reveals the Mysterious Collapse of Europe's Megalith Builders,https://www.sciencedaily.com/releases/2026/07/260707054108.htm,2026-10-06T08:30:41+00:00
ScienceDaily Society,https://www.sciencedaily.com/news/top/society/,science,81,NASA Just Took a Huge Step Toward the Moon After Artemis II Success,https://www.sciencedaily.com/releases/2026/05/260504023837.htm,2026-10-06T08:30:41+00:00
ScienceDaily Society,https://www.sciencedaily.com/news/top/society/,science,82,Ancient DNA Reveals a Lost Population Near Paris Replaced by Strangers,https://www.sciencedaily.com/releases/2026/04/260421042800.htm,2026-10-06T08:30:41+00:00
ScienceDaily Society,https://www.sciencedaily.com/news/top/society/,science,83,Scientists Sculpt Einstein Onto a Crystal Using Only Light,https://www.sciencedaily.com/releases/2026/04/260421042755.htm,2026-10-06T08:30:41+00:00
ScienceDaily Society,https://www.sciencedaily.com/news/top/society/,science,84,MIT Scientists Just Found a Hidden Problem Slowing the Ozone Comeback,https://www.sciencedaily.com/releases/2026/04/260416071945.htm,2026-10-06T08:30:41+00:00
ScienceDaily Society,https://www.sciencedaily.com/news/top/society/,science,85,Scientists Discover What Kept Ancient Campfires Burning for Generations,https://www.sciencedaily.com/releases/2026/06/260624025502.htm,2026-10-06T08:30:41+00:00
ScienceDaily Society,https://www.sciencedaily.com/news/top/society/,science,86,"4,000-Year-Old Tablets Reveal Magic Spells, Kings Feared, and a Beer Receipt",https://www.sciencedaily.com/releases/2026/05/260504023848.htm,2026-10-06T08:30:41+00:00
ScienceDaily Society,https://www.sciencedaily.com/news/top/society/,science,87,Deadly “red Sky” Solar Storm from 800 Years Ago Discovered in Ancient Trees,https://www.sciencedaily.com/releases/2026/05/260513221818.htm,2026-10-06T08:30:41+00:00
ScienceDaily Society,https://www.sciencedaily.com/news/top/society/,science,88,People Once Risked Everything Just to Keep Their Hats on,https://www.sciencedaily.com/releases/2026/05/260506225231.htm,2026-10-06T08:30:41+00:00
ScienceDaily Society,https://www.sciencedaily.com/news/top/society/,science,89,The World Is Getting Brighter at Night but Some Places Are Going Dark,https://www.sciencedaily.com/releases/2026/04/260409101057.htm,2026-10-06T08:30:41+00:00
ScienceDaily Society,https://www.sciencedaily.com/news/top/society/,science,90,The Neanderthal “love Story” Isn’t What the DNA Actually Shows,https://www.sciencedaily.com/releases/2026/06/260626030443.htm,2026-10-06T08:30:41+00:00
ScienceDaily Society,https://www.sciencedaily.com/news/top/society/,science,91,"Ancient Bone Dice Reveal 12,000-Year History of Gambling in America",https://www.sciencedaily.com/releases/2026/04/260402042731.htm,2026-10-06T08:30:41+00:00
ScienceDaily Society,https://www.sciencedaily.com/news/top/society/,science,92,Think Human Anatomy Is Finished? Scientists Say Think Again,https://www.sciencedaily.com/releases/2026/06/260618041511.htm,2026-10-06T08:30:41+00:00
ScienceDaily Society,https://www.sciencedaily.com/news/top/society/,science,93,Scientists Shocked to Find Lab Gloves May Be Skewing Microplastics Data,https://www.sciencedaily.com/releases/2026/03/260329222938.htm,2026-10-06T08:30:41+00:00
ScienceDaily Society,https://www.sciencedaily.com/news/top/society/,science,94,Ancient DNA Reveals a Farming Shift That Pushed a Society to the Brink,https://www.sciencedaily.com/releases/2026/03/260321012642.htm,2026-10-06T08:30:41+00:00
ScienceDaily Society,https://www.sciencedaily.com/news/top/society/,science,95,Hidden Charcoal Reveals the True Age of Ancient Cave Paintings,https://www.sciencedaily.com/releases/2026/07/260727214619.htm,2026-10-06T08:30:41+00:00
ScienceDaily Society,https://www.sciencedaily.com/news/top/society/,science,96,"Why Have Humans Collected Crystals for 780,000 Years? Chimpanzees May Hold the Answer",https://www.sciencedaily.com/releases/2026/07/260713000813.htm,2026-10-06T08:30:41+00:00
ScienceDaily Society,https://www.sciencedaily.com/news/top/society/,science,97,Tiny Clump of Moss Helped Solve a Shocking Cemetery Crime,https://www.sciencedaily.com/releases/2026/03/260305223215.htm,2026-10-06T08:30:41+00:00
ScienceDaily Society,https://www.sciencedaily.com/news/top/society/,science,98,"80,000-Year-Old “arrowheads” Rewrite Human History",https://www.sciencedaily.com/releases/2026/09/260903064233.htm,2026-10-06T08:30:41+00:00
ScienceDaily Society,https://www.sciencedaily.com/news/top/society/,science,99,"Rare Graves Reveal a Lost World of Bronze Age Europe Hidden for 3,000 Years",https://www.sciencedaily.com/releases/2026/05/260518041445.htm,2026-10-06T08:30:41+00:00
ScienceDaily Society,https://www.sciencedaily.com/news/top/society/,science,100,The Hidden Technology That Could Unlock Commercial Fusion Power,https://www.sciencedaily.com/releases/2026/03/260303050622.htm,2026-10-06T08:30:41+00:00
ScienceDaily Society,https://www.sciencedaily.com/news/top/society/,science,101,Teens Sleep Longer and Perform Better When School Starts Later,https://www.sciencedaily.com/releases/2026/03/260311004725.htm,2026-10-06T08:30:41+00:00
ScienceDaily Society,https://www.sciencedaily.com/news/top/society/,science,102,Scientists Built the Hardest AI Test Ever and the Results Are Surprising,https://www.sciencedaily.com/releases/2026/03/260313002650.htm,2026-10-06T08:30:41+00:00
ScienceDaily Society,https://www.sciencedaily.com/news/top/society/,science,103,"60,000-Year-Old Ostrich Eggshell Engravings Reveal a Surprisingly Sophisticated Human Mind",https://www.sciencedaily.com/releases/2026/08/260808235013.htm,2026-10-06T08:30:41+00:00
ScienceDaily Society,https://www.sciencedaily.com/news/top/society/,science,104,Ancient DNA Reveals How Women Helped Transform Prehistoric Europe,https://www.sciencedaily.com/releases/2026/05/260529043649.htm,2026-10-06T08:30:41+00:00
ScienceDaily Society,https://www.sciencedaily.com/news/top/society/,science,105,Ancient Farmers Accidentally Created Aggressive “warrior” Wheat,https://www.sciencedaily.com/releases/2026/04/260407193923.htm,2026-10-06T08:30:41+00:00
ScienceDaily Society,https://www.sciencedaily.com/news/top/society/,science,106,Archaeologists Uncover Brutal Iron Age Massacre of Women and Children,https://www.sciencedaily.com/releases/2026/03/260308201616.htm,2026-10-06T08:30:41+00:00
ScienceDaily Society,https://www.sciencedaily.com/news/top/society/,science,107,"40,000-Year-Old Signs Show Humans Were Recording Information Long Before Writing",https://www.sciencedaily.com/releases/2026/02/260225001301.htm,2026-10-06T08:30:41+00:00
ScienceDaily Society,https://www.sciencedaily.com/news/top/society/,science,108,Mysterious Greek Inscription May Reveal Lost Temple Beneath Syria’s Great Mosque,https://www.sciencedaily.com/releases/2026/04/260401071947.htm,2026-10-06T08:30:41+00:00
ScienceDaily Society,https://www.sciencedaily.com/news/top/society/,science,109,"Ancient DNA Solves 5,500 Year Old Burial Mystery in Sweden",https://www.sciencedaily.com/releases/2026/02/260218031559.htm,2026-10-06T08:30:41+00:00
ScienceDaily Society,https://www.sciencedaily.com/news/top/society/,science,110,Scientists Say We’ve Been Wrong About What Makes Sprinters Fast,https://www.sciencedaily.com/releases/2026/04/260407193911.htm,2026-10-06T08:30:41+00:00
ScienceDaily Society,https://www.sciencedaily.com/news/top/society/,science,111,Researchers Say AI Chatbots May Blur the Line Between Reality and Delusion,https://www.sciencedaily.com/releases/2026/05/260509210652.htm,2026-10-06T08:30:41+00:00
ScienceDaily Society,https://www.sciencedaily.com/news/top/society/,science,112,"Couples Who Savor Happy Moments Together Have Stronger, Longer-Lasting Relationships",https://www.sciencedaily.com/releases/2026/02/260213223908.htm,2026-10-06T08:30:41+00:00
ScienceDaily Society,https://www.sciencedaily.com/news/top/society/,science,113,"Britain’s 11,000-Year-Old “oldest Northerner” Was a 3-Year-Old Girl, DNA Reveals",https://www.sciencedaily.com/releases/2026/05/260519224326.htm,2026-10-06T08:30:41+00:00
ScienceDaily Society,https://www.sciencedaily.com/news/top/society/,science,114,Monty Python Got It Wrong About Medieval Disease,https://www.sciencedaily.com/releases/2026/03/260313002645.htm,2026-10-06T08:30:41+00:00
ScienceDaily Society,https://www.sciencedaily.com/news/top/society/,science,115,Bird Droppings Helped Build One of Ancient Peru’s Most Powerful Kingdoms,https://www.sciencedaily.com/releases/2026/03/260306224219.htm,2026-10-06T08:30:41+00:00
ScienceDaily Society,https://www.sciencedaily.com/news/top/society/,science,116,Large Study Finds No Link Between mRNA COVID Vaccine in Pregnancy and Autism,https://www.sciencedaily.com/releases/2026/02/260215085001.htm,2026-10-06T08:30:41+00:00
ScienceDaily Society,https://www.sciencedaily.com/news/top/society/,science,117,"The 1,100-Year-Old Mystery of Montana’s Lost Bison Hunting Site Finally Solved",https://www.sciencedaily.com/releases/2026/06/260610003056.htm,2026-10-06T08:30:41+00:00
ScienceDaily Society,https://www.sciencedaily.com/news/top/society/,science,118,Truckloads of Food Are Being Wasted Because Computers Won’t Approve Them,https://www.sciencedaily.com/releases/2026/04/260403224505.htm,2026-10-06T08:30:41+00:00
ScienceDaily Society,https://www.sciencedaily.com/news/top/society/,science,119,Scientists Used Brain Stimulation to Make People More Generous,https://www.sciencedaily.com/releases/2026/02/260213020407.htm,2026-10-06T08:30:41+00:00
ScienceDaily Society,https://www.sciencedaily.com/news/top/society/,science,120,Giving People Cash Didn’t Cause More Injuries or Deaths,https://www.sciencedaily.com/releases/2026/02/260212023028.htm,2026-10-06T08:30:41+00:00
ScienceDaily Society,https://www.sciencedaily.com/news/top/society/,science,121,Why Some Kids Struggle With Math Even When They Try Hard,https://www.sciencedaily.com/releases/2026/02/260213020416.htm,2026-10-06T08:30:41+00:00
ScienceDaily Society,https://www.sciencedaily.com/news/top/society/,science,122,Italy’s Winter Olympics Are Stunning from Space,https://www.sciencedaily.com/releases/2026/02/260209211229.htm,2026-10-06T08:30:41+00:00
ScienceDaily Society,https://www.sciencedaily.com/news/top/society/,science,123,Halley’s Comet Meteors Return,https://www.sciencedaily.com/releases/2026/10/261005071523.htm,2026-10-06T08:30:41+00:00
ScienceDaily Society,https://www.sciencedaily.com/news/top/society/,science,124,A Human Gene That Jumps Through DNA,https://www.sciencedaily.com/releases/2026/10/261002080013.htm,2026-10-06T08:30:41+00:00
ScienceDaily Society,https://www.sciencedaily.com/news/top/society/,science,125,Keeping Cancer Fighting T Cells Going,https://www.sciencedaily.com/releases/2026/10/261001214127.htm,2026-10-06T08:30:41+00:00
ScienceDaily Society,https://www.sciencedaily.com/news/top/society/,science,126,NASA Hunts for a Hidden Moon Cave,https://www.sciencedaily.com/releases/2026/10/261003234013.htm,2026-10-06T08:30:41+00:00
ScienceDaily Society,https://www.sciencedaily.com/news/top/society/,science,127,Cellular Glue Has a Hidden Cleanup Job,https://www.sciencedaily.com/releases/2026/10/261002080023.htm,2026-10-06T08:30:41+00:00
ScienceDaily Society,https://www.sciencedaily.com/news/top/society/,science,128,Meteor Hit Oklahoma 100 Million Years Later,https://www.sciencedaily.com/releases/2026/10/261002080012.htm,2026-10-06T08:30:41+00:00
ScienceDaily Society,https://www.sciencedaily.com/news/top/society/,science,129,A Magnetic Clue to the Hubble Tension,https://www.sciencedaily.com/releases/2026/10/261002080026.htm,2026-10-06T08:30:41+00:00
ScienceDaily Society,https://www.sciencedaily.com/news/top/society/,science,130,Forgotten Forest Study Reveals a Surprise,https://www.sciencedaily.com/releases/2026/10/261001214120.htm,2026-10-06T08:30:41+00:00
ScienceDaily Society,https://www.sciencedaily.com/news/top/society/,science,131,Gut Bacteria Linked to Brain Aging,https://www.sciencedaily.com/releases/2026/10/261001214106.htm,2026-10-06T08:30:41+00:00
Healthline,https://www.healthline.com/,health,1,How Well Do You Sleep?,https://www.healthline.com/health/healthy-sleep/quiz-how-well-do-you-sleep,2026-10-06T08:30:41+00:00
Healthline,https://www.healthline.com/,health,2,Are You a Workaholic?,https://www.healthline.com/health/mental-health/quiz-are-you-a-workaholic,2026-10-06T08:30:41+00:00
Healthline,https://www.healthline.com/,health,3,Medicare 2026 Changes,https://www.healthline.com/health-news/medicare-open-enrollment-2026-key-changes,2026-10-06T08:30:41+00:00
Healthline,https://www.healthline.com/,health,4,Can 6-6-6 Walking Workout Help You Lose Weight?,https://www.healthline.com/health-news/666-walking-trend-weight-loss,2026-10-06T08:30:41+00:00
Healthline,https://www.healthline.com/,health,5,This Couple Lost 118 Pounds Together Without Medication,https://www.healthline.com/health-news/married-couple-loses-119-pounds-together-without-meds,2026-10-06T08:30:41+00:00
Healthline,https://www.healthline.com/,health,6,5 Science-Backed Ways to Live a Longer Life,https://www.healthline.com/health-news/healthy-ways-to-improve-longevity,2026-10-06T08:30:41+00:00
Healthline,https://www.healthline.com/,health,7,Morning Coffee May Help You Live Longer,https://www.healthline.com/health-news/morning-coffee-heart-health-benefits,2026-10-06T08:30:41+00:00
Healthline,https://www.healthline.com/,health,8,5 Tips for a Healthy Lifestyle,https://www.healthline.com/health/fitness-nutrition/healthy-lifestyle-benefits,2026-10-06T08:30:41+00:00
Healthline,https://www.healthline.com/,health,9,How to Disinfect Your House After the Flu,https://www.healthline.com/health/flu/how-to-disinfect-house-after-flu,2026-10-06T08:30:41+00:00
Healthline,https://www.healthline.com/,health,10,Best Vegan and Plant-Based Meal Delivery for 2025,https://www.healthline.com/nutrition/plant-based-meal-delivery,2026-10-06T08:30:41+00:00
Healthline,https://www.healthline.com/,health,11,Does Medicare Cover Pneumonia Shots?,https://www.healthline.com/health/medicare/does-medicare-cover-pneumonia-shots,2026-10-06T08:30:41+00:00
Healthline,https://www.healthline.com/,health,12,"Chromosomes, Genetics, and Your Health",https://www.healthline.com/health/chromosomes-and-genetics,2026-10-06T08:30:41+00:00
Healthline,https://www.healthline.com/,health,13,Best Multivitamins for Women,https://www.healthline.com/nutrition/multivitamins-womens-health,2026-10-06T08:30:41+00:00
Healthline,https://www.healthline.com/,health,14,Best Multivitamins for Men,https://www.healthline.com/nutrition/best-multivitamins-for-men,2026-10-06T08:30:41+00:00
Healthline,https://www.healthline.com/,health,15,Best Online Therapy Services,https://www.healthline.com/health/our-top-10-online-therapy-picks,2026-10-06T08:30:41+00:00
Healthline,https://www.healthline.com/,health,16,Online Therapy That Takes Insurance,https://www.healthline.com/health/mental-health/online-therapy-that-takes-insurance,2026-10-06T08:30:41+00:00
Healthline,https://www.healthline.com/,health,17,Buy Ozempic Online,https://www.healthline.com/nutrition/buy-ozempic-online,2026-10-06T08:30:41+00:00
Healthline,https://www.healthline.com/,health,18,Through an Artist's Eye,https://www.healthline.com/health/breast-cancer/metastatic-breast-cancer-artist-eye,2026-10-06T08:30:41+00:00
Healthline,https://www.healthline.com/,health,19,A Dietitian’s Top 4 Tips for Hitting Your Protein and Fiber Goals,https://www.healthline.com/nutrition/high-protein-high-fiber-foods,2026-10-06T08:30:41+00:00
Healthline,https://www.healthline.com/,health,20,I Tried Going Outdoors to Manage Autumn Anxiety. Here's What I Learned,https://www.healthline.com/health/anxiety/autumn-anxiety-tips,2026-10-06T08:30:41+00:00
Healthline,https://www.healthline.com/,health,21,Can GLP-1s Increase Your Cancer Risk or Protect Against Cancer?,https://www.healthline.com/health/drugs/glp-1-cancer-risk,2026-10-06T08:30:41+00:00
Healthline,https://www.healthline.com/,health,22,From the Editor-in-Chief: Is Worrying About Sleep Keeping Us Awake?,https://www.healthline.com/health-news/sleep-study-parenthood-letter-from-eic-column,2026-10-06T08:30:41+00:00
Healthline Fitness,https://www.healthline.com/fitness,health,1,Welcome to Healthline Fitness: A Letter from the Editor,https://www.healthline.com/health/fitness/welcome-to-healthline-fitness,2026-10-06T08:30:41+00:00
Healthline Fitness,https://www.healthline.com/fitness,health,2,10 Exercises to Tone Every Inch of Your Body,https://www.healthline.com/health/fitness-exercise/10-best-exercises-everyday,2026-10-06T08:30:41+00:00
Healthline Fitness,https://www.healthline.com/fitness,health,3,The Best Core Exercises for All Fitness Levels,https://www.healthline.com/health/best-core-exercises,2026-10-06T08:30:41+00:00
Healthline Fitness,https://www.healthline.com/fitness,health,4,A Beginner’s Guide to Weight Training,https://www.healthline.com/health/how-to-start-lifting-weights,2026-10-06T08:30:41+00:00
Healthline Fitness,https://www.healthline.com/fitness,health,5,How Many Steps Do People Take Per Day on Average?,https://www.healthline.com/health/average-steps-per-day,2026-10-06T08:30:41+00:00
Healthline Fitness,https://www.healthline.com/fitness,health,6,The Benefits of Burpees and How to Do Them,https://www.healthline.com/health/how-to-do-a-burpee,2026-10-06T08:30:41+00:00
Healthline Fitness,https://www.healthline.com/fitness,health,7,Exercises That Burn the Most Calories and How to Get Started,https://www.healthline.com/health/what-exercise-burns-the-most-calories,2026-10-06T08:30:41+00:00
Healthline Fitness,https://www.healthline.com/fitness,health,8,What Muscle Groups Are Best to Work Out Together? Pairings and…,https://www.healthline.com/health/exercise-fitness/muscle-groups-to-workout-together,2026-10-06T08:30:41+00:00
Healthline Fitness,https://www.healthline.com/fitness,health,9,Which Is Better for Your Health: Walking or Running?,https://www.healthline.com/health/walking-vs-running,2026-10-06T08:30:41+00:00
Healthline Fitness,https://www.healthline.com/fitness,health,10,What Is a Runner’s Body? It’s More Than a Look,https://www.healthline.com/health/fitness/runners-body,2026-10-06T08:30:41+00:00
Healthline Fitness,https://www.healthline.com/fitness,health,11,Here’s the Lowdown on How Running Affects Your Knees,https://www.healthline.com/health/fitness/is-running-bad-for-your-knees,2026-10-06T08:30:41+00:00
Healthline Fitness,https://www.healthline.com/fitness,health,12,What Your VO₂ Max Means for Your Health and Benefits of Increasing it,https://www.healthline.com/health/vo2-max,2026-10-06T08:30:41+00:00
Healthline Fitness,https://www.healthline.com/fitness,health,13,The 9 Best Weight Benches,https://www.healthline.com/health/fitness/weight-bench,2026-10-06T08:30:41+00:00
Healthline Fitness,https://www.healthline.com/fitness,health,14,The 25 Best Home Gym Equipment Items,https://www.healthline.com/health/fitness/home-gym-equipment,2026-10-06T08:30:41+00:00
Healthline Fitness,https://www.healthline.com/fitness,health,15,The 5 Best Personal Training Apps,https://www.healthline.com/nutrition/,2026-10-06T08:30:41+00:00
Healthline Fitness,https://www.healthline.com/fitness,health,16,The 9 Best Peloton Bike Alternatives,https://www.healthline.com/nutrition/peloton-bike-alternatives,2026-10-06T08:30:41+00:00
Healthline Fitness,https://www.healthline.com/fitness,health,17,"How to Gain Muscle, No Matter Who You Are",https://www.healthline.com/health/fitness/how-to-gain-muscle,2026-10-06T08:30:41+00:00
Healthline Fitness,https://www.healthline.com/fitness,health,18,"How Much Muscle Mass Should I Have, and How Do I Measure It?",https://www.healthline.com/health/muscle-mass-percentage,2026-10-06T08:30:41+00:00
Healthline Fitness,https://www.healthline.com/fitness,health,19,"Mesomorph Body Type: What It Is, Diet, and More",https://www.healthline.com/health/mesomorph-body-type-diet,2026-10-06T08:30:41+00:00
Healthline Fitness,https://www.healthline.com/fitness,health,20,How to Improve Your Grip Strength,https://www.healthline.com/health/grip-strength,2026-10-06T08:30:41+00:00
Healthline Fitness,https://www.healthline.com/fitness,health,21,Here’s How to Use Yoga for Stress Reduction,https://www.healthline.com/health/fitness/yoga-for-stress,2026-10-06T08:30:41+00:00
Healthline Fitness,https://www.healthline.com/fitness,health,22,Can Yoga Help Aid Digestion? 9 Poses to Try,https://www.healthline.com/nutrition/yoga-posture-for-digestion,2026-10-06T08:30:41+00:00
Healthline Fitness,https://www.healthline.com/fitness,health,23,Pilates vs. Yoga: The Differences and What's Right for You,https://www.healthline.com/health/fitness-exercise/pilates-vs-yoga,2026-10-06T08:30:41+00:00
Healthline Fitness,https://www.healthline.com/fitness,health,24,Health Benefits of Pilates for Older Adults,https://www.healthline.com/health/fitness/pilates-for-seniors,2026-10-06T08:30:41+00:00
Healthline Fitness,https://www.healthline.com/fitness,health,25,13 Ways to Wake Up Faster in the Mornings,https://www.healthline.com/health/morning-fatigue-remedies,2026-10-06T08:30:41+00:00
Healthline Fitness,https://www.healthline.com/fitness,health,26,7 Lower Back Stretches to Reduce Pain and Improve Mobility,https://www.healthline.com/health/lower-back-stretches,2026-10-06T08:30:41+00:00
Healthline Fitness,https://www.healthline.com/fitness,health,27,What Causes Muscle Fatigue?,https://www.healthline.com/health/muscle-fatigue,2026-10-06T08:30:41+00:00
Healthline Fitness,https://www.healthline.com/fitness,health,28,14 Tips to Maximize Muscle Recovery,https://www.healthline.com/health/muscle-recovery,2026-10-06T08:30:41+00:00
Healthline Recent,https://www.healthline.com/directory/recent,health,1,A Doctor’s Top 5 Tips for Getting Through Cold and Flu Season,https://www.healthline.com/health/how-to-avoid-getting-sick,2026-10-06T08:30:41+00:00
Healthline Recent,https://www.healthline.com/directory/recent,health,2,"What Is Orzeyful Used For, and How Does It Work?",https://www.healthline.com/health/drugs/orzeyful-uses-and-how-it-works,2026-10-06T08:30:41+00:00
Healthline Recent,https://www.healthline.com/directory/recent,health,3,Are Filtered Showerheads Really Worth It? The Best We Tested,https://www.healthline.com/health/best-showerhead-filter,2026-10-06T08:30:41+00:00
Healthline Recent,https://www.healthline.com/directory/recent,health,4,2026 Healthline GLP-1 Survey: Unique Insights into Expectations vs. Real-World Experiences,https://www.healthline.com/health/drugs/2026-healthline-glp-1-survey-findings,2026-10-06T08:30:41+00:00
Healthline Recent,https://www.healthline.com/directory/recent,health,5,How to Manage Anxiety Before Your First Therapy Session,https://www.healthline.com/health/first-therapy-session,2026-10-06T08:30:41+00:00
Healthline Recent,https://www.healthline.com/directory/recent,health,6,Stopping Vyvanse: Withdrawal Symptoms and How to Manage,https://www.healthline.com/health/drugs/vyvanse-withdrawal-risks,2026-10-06T08:30:41+00:00
Healthline Recent,https://www.healthline.com/directory/recent,health,7,What Does Oura Ring Track?,https://www.healthline.com/health/fitness/what-does-oura-ring-track,2026-10-06T08:30:41+00:00
Healthline Recent,https://www.healthline.com/directory/recent,health,8,The Best Cold and Flu Products at CVS Pharmacy,https://www.healthline.com/health/flu/best-cold-and-flu-products-at-cvs,2026-10-06T08:30:41+00:00
Healthline Recent,https://www.healthline.com/directory/recent,health,9,Can Repatha Replace a Low Cholesterol Diet?,https://www.healthline.com/health/drugs/does-repatha-replace-diet,2026-10-06T08:30:41+00:00
Healthline Recent,https://www.healthline.com/directory/recent,health,10,I Tried Spending More Time Outdoors to Manage Autumn Anxiety,https://www.healthline.com/health/anxiety/autumn-anxiety-tips,2026-10-06T08:30:41+00:00
Healthline Recent,https://www.healthline.com/directory/recent,health,11,Do Blood Pressure Medications Worsen Kidney Disease in People with Type 2 Diabetes?,https://www.healthline.com/health/drugs/blood-pressure-drug-kidney-disease-risk,2026-10-06T08:30:41+00:00
Healthline Recent,https://www.healthline.com/directory/recent,health,12,Can I Switch From Wegovy Injections to Pills?,https://www.healthline.com/health/drugs/switching-from-wegovy-injection-to-wegovy-pill,2026-10-06T08:30:41+00:00
Healthline Recent,https://www.healthline.com/directory/recent,health,13,Hip Dysplasia in Kids and Teens: What Parents Should Know,https://www.healthline.com/health/hip-dysplasia,2026-10-06T08:30:41+00:00
Healthline Recent,https://www.healthline.com/directory/recent,health,14,Why is Quillivant XR So Expensive?,https://www.healthline.com/health/drugs/why-is-quillivant-xr-so-expensive,2026-10-06T08:30:41+00:00
Healthline Recent,https://www.healthline.com/directory/recent,health,15,Bobbie Formula Reviews: An Expert's Take on Bobbie Organic,https://www.healthline.com/health/parenting/bobbie-formula-reviews,2026-10-06T08:30:41+00:00
Healthline Recent,https://www.healthline.com/directory/recent,health,16,Can You Take GLP-1 Pills With Oral Birth Control?,https://www.healthline.com/health/drugs/can-you-take-glp-1-pills-with-birth-control,2026-10-06T08:30:41+00:00
Healthline Recent,https://www.healthline.com/directory/recent,health,17,Do GLP-1s Improve Gum Disease?,https://www.healthline.com/health/drugs/glp-1-gum-disease,2026-10-06T08:30:41+00:00
Healthline Recent,https://www.healthline.com/directory/recent,health,18,Does Mounjaro Cause a Metallic Taste in the Mouth?,https://www.healthline.com/health/drugs/mounjaro-metallic-taste,2026-10-06T08:30:41+00:00
Healthline Recent,https://www.healthline.com/directory/recent,health,19,Why Does Gemtesa Suddenly Stop Working?,https://www.healthline.com/health/drugs/gemtesa-suddenly-stopped-working,2026-10-06T08:30:41+00:00
Healthline Recent,https://www.healthline.com/directory/recent,health,20,Can Rezdiffra Reverse Liver Fibrosis?,https://www.healthline.com/health/drugs/can-rezdiffra-reverse-liver-fibrosis,2026-10-06T08:30:41+00:00
Healthline Recent,https://www.healthline.com/directory/recent,health,21,Why Do Doctors Recommend Vitamin K for Newborns?,https://www.healthline.com/health/vitamin-k-for-newborns,2026-10-06T08:30:41+00:00
Healthline Recent,https://www.healthline.com/directory/recent,health,22,Should You Take Probiotics with Amoxicillin?,https://www.healthline.com/health/drugs/amoxicillin-and-probiotics,2026-10-06T08:30:41+00:00
Healthline Recent,https://www.healthline.com/directory/recent,health,23,"Dawnzera Safety Check: Common Side Effects, Risks, and Interactions",https://www.healthline.com/health/drugs/dawnzera-side-effects-and-interactions,2026-10-06T08:30:41+00:00
Healthline Recent,https://www.healthline.com/directory/recent,health,24,What Is the Best Medication for Thrush?,https://www.healthline.com/health/drugs/medication-for-thrush-yeast-infection,2026-10-06T08:30:41+00:00
Healthline Recent,https://www.healthline.com/directory/recent,health,25,Managing Anemia and Multiple Myeloma,https://www.healthline.com/health/multiple-myeloma/managing-anemia-and-multiple-myeloma,2026-10-06T08:30:41+00:00
Healthline Recent,https://www.healthline.com/directory/recent,health,26,Maintenance Therapy and Relapsed or Refractory Multiple Myeloma,https://www.healthline.com/health/multiple-myeloma/maintenance-therapy-and-relapsed-or-refractory-multiple-myeloma,2026-10-06T08:30:41+00:00
Healthline Recent,https://www.healthline.com/directory/recent,health,27,Mental Health Spotlight: Relapsed or Refractory Multiple Myeloma and Anxiety,https://www.healthline.com/health/multiple-myeloma/relapsed-or-refractory-multiple-myeloma-and-anxiety,2026-10-06T08:30:41+00:00
Healthline Recent,https://www.healthline.com/directory/recent,health,28,GLP-1 Cancer Risks and Benefits,https://www.healthline.com/health/drugs/glp-1-cancer-risk,2026-10-06T08:30:41+00:00
Healthline Recent,https://www.healthline.com/directory/recent,health,29,What to Eat on Foundayo: A Complete Meal and Fitness Guide,https://www.healthline.com/health/drugs/foundayo-exercise-and-diet-plan,2026-10-06T08:30:41+00:00
Healthline Recent,https://www.healthline.com/directory/recent,health,30,What Is Amtagvi’s Success Rate?,https://www.healthline.com/health/drugs/amtagvi-success-rate,2026-10-06T08:30:41+00:00
Healthline Recent,https://www.healthline.com/directory/recent,health,31,Can You Drink Alcohol While Taking Foundayo?,https://www.healthline.com/health/drugs/foundayo-and-alcohol,2026-10-06T08:30:41+00:00
Healthline Recent,https://www.healthline.com/directory/recent,health,32,3 Weeks to Better Sleep Challenge,https://www.healthline.com/health/3-week-better-sleep-challenge,2026-10-06T08:30:41+00:00
Healthline Recent,https://www.healthline.com/directory/recent,health,33,Download: 3 Weeks to Better Sleep Calendar,https://www.healthline.com/health/download-3-weeks-to-better-sleep-calendar,2026-10-06T08:30:41+00:00
Healthline Recent,https://www.healthline.com/directory/recent,health,34,Is Wegovy Good for Your Mental Health?,https://www.healthline.com/health/drugs/wegovy-mental-health-benefit,2026-10-06T08:30:41+00:00
Healthline Recent,https://www.healthline.com/directory/recent,health,35,I Tried Limiting Social Media for 1 Week to See if it Improves My Sleep,https://www.healthline.com/health/social-media-and-sleep,2026-10-06T08:30:41+00:00
Healthline Recent,https://www.healthline.com/directory/recent,health,36,The Best Allergy Products at CVS Pharmacy,https://www.healthline.com/health/allergies/best-allergy-products-at-cvs,2026-10-06T08:30:41+00:00
Healthline Recent,https://www.healthline.com/directory/recent,health,37,Our Favorite Cookbooks of All Time,https://www.healthline.com/health/healthline-reads-favorite-cookbooks,2026-10-06T08:30:41+00:00
Healthline Recent,https://www.healthline.com/directory/recent,health,38,Ozempic vs. Non-GLP-1 Peptides: Everything You Need to Know,https://www.healthline.com/health/drugs/peptides-vs-ozempic,2026-10-06T08:30:41+00:00
Healthline Recent,https://www.healthline.com/directory/recent,health,39,What Are Lipfendra's Side Effects and Interactions?,https://www.healthline.com/health/drugs/lipfendra-side-effects-and-interactions,2026-10-06T08:30:41+00:00
Healthline Recent,https://www.healthline.com/directory/recent,health,40,Skytrofa Insurance Denial: Why It Happens and How to Appeal,https://www.healthline.com/health/drugs/skytrofa-health-insurance-denial,2026-10-06T08:30:41+00:00
Healthline Recent,https://www.healthline.com/directory/recent,health,41,What I Wish I Knew About Hip Dysplasia as a Teen: From Diagnosis to Surgery,https://www.healthline.com/health/hip-dysplasia-in-teens,2026-10-06T08:30:41+00:00
Healthline Recent,https://www.healthline.com/directory/recent,health,42,Zepound and Alcohol: Safe Limits and Side Effects,https://www.healthline.com/health/drugs/zepound-and-alcohol,2026-10-06T08:30:41+00:00
Healthline Recent,https://www.healthline.com/directory/recent,health,43,Does Wegovy Affect Your Menstrual Cycle?,https://www.healthline.com/health/drugs/does-wegovy-affect-menstrual-cycle,2026-10-06T08:30:41+00:00
Healthline Recent,https://www.healthline.com/directory/recent,health,44,Do GLP-1s Help with Fatty Liver?,https://www.healthline.com/health/drugs/glp-1-fatty-liver,2026-10-06T08:30:41+00:00
Healthline Recent,https://www.healthline.com/directory/recent,health,45,What Is Brenipatide? All About the New Long-Acting GLP-1 Drug,https://www.healthline.com/health/drugs/brenipatide,2026-10-06T08:30:41+00:00
Healthline Recent,https://www.healthline.com/directory/recent,health,46,What Are the Best Medications for Food Poisoning?,https://www.healthline.com/health/drugs/medications-for-food-poisoning,2026-10-06T08:30:41+00:00
Healthline Recent,https://www.healthline.com/directory/recent,health,47,What Happens If You Stop Adderall Suddenly?,https://www.healthline.com/health/drugs/what-happens-if-you-stop-adderall-suddenly,2026-10-06T08:30:41+00:00
Healthline Recent,https://www.healthline.com/directory/recent,health,48,Can Foundayo Make You Sleepy?,https://www.healthline.com/health/drugs/does-foundayo-make-you-tired,2026-10-06T08:30:41+00:00
Healthline Recent,https://www.healthline.com/directory/recent,health,49,Can Cetirizine Be Used For Cough?,https://www.healthline.com/health/drugs/cetirizine-for-cough,2026-10-06T08:30:41+00:00
Healthline Recent,https://www.healthline.com/directory/recent,health,50,"The 8 Best Carbs for Fat Loss, According to a Dietitian",https://www.healthline.com/health/nutrition/good-carbs-for-weight-loss,2026-10-06T08:30:41+00:00
Healthline Recent,https://www.healthline.com/directory/recent,health,51,Quiz: What Type of Procrastinator Are You?,https://www.healthline.com/health/quiz/procrastination-quiz,2026-10-06T08:30:41+00:00
Healthline Recent,https://www.healthline.com/directory/recent,health,52,I Tried Making Pumpkin Tofu: Here’s How It Went,https://www.healthline.com/health/pumfu,2026-10-06T08:30:41+00:00
Healthline Recent,https://www.healthline.com/directory/recent,health,53,Fatty15 Review 2026: A Dietitian’s Take,https://www.healthline.com/health/fatty15-reviews,2026-10-06T08:30:41+00:00
Healthline Recent,https://www.healthline.com/directory/recent,health,54,Ask the Advocate: Boosting Your Confidence When Living with Alopecia Areata,https://www.healthline.com/health/boosting-your-confidence-when-living-with-alopecia-areata,2026-10-06T08:30:41+00:00
Healthline Recent,https://www.healthline.com/directory/recent,health,55,8 Tips to Help You Spend More Time Outdoors,https://www.healthline.com/health/how-to-spend-more-time-outside,2026-10-06T08:30:41+00:00
Healthline Recent,https://www.healthline.com/directory/recent,health,56,Can Pilates “Tone” Your Body? A Trainer Explains How to Get a More Defined Look,https://www.healthline.com/health/fitness-and-exercise/does-pilates-build-muscle,2026-10-06T08:30:41+00:00
Healthline Recent,https://www.healthline.com/directory/recent,health,57,Is Adderall Safe Long Term?,https://www.healthline.com/health/drugs/is-adderall-safe-long-term,2026-10-06T08:30:41+00:00
Healthline Recent,https://www.healthline.com/directory/recent,health,58,Zepbound for Teens: What the Research Shows,https://www.healthline.com/health/drugs/zepbound-for-teens,2026-10-06T08:30:41+00:00
Healthline Recent,https://www.healthline.com/directory/recent,health,59,Preventing Loose Skin While Taking Zepbound,https://www.healthline.com/health/drugs/how-to-prevent-loose-skin-on-zepbound,2026-10-06T08:30:41+00:00
Healthline Recent,https://www.healthline.com/directory/recent,health,60,Can Allergy Medication Help with Menopause Symptoms?,https://www.healthline.com/health/drugs/allergy-medication-for-menopause-symptoms,2026-10-06T08:30:41+00:00
Healthline Recent,https://www.healthline.com/directory/recent,health,61,Is Ozempic Available As A Pill?,https://www.healthline.com/health/drugs/ozempic-pill,2026-10-06T08:30:41+00:00
Healthline Recent,https://www.healthline.com/directory/recent,health,62,Can You Switch From Adderall to Vyvanse?,https://www.healthline.com/health/drugs/switching-from-adderall-to-vyvanse,2026-10-06T08:30:41+00:00
Healthline Recent,https://www.healthline.com/directory/recent,health,63,A Guide to Octagam Side Effects and Safety,https://www.healthline.com/health/drugs/octagam-side-effects,2026-10-06T08:30:41+00:00
Healthline Recent,https://www.healthline.com/directory/recent,health,64,"Isotretinoin for Acne: Diet, Exercise, and Sun Precautions",https://www.healthline.com/health/drugs/isotretinoin-diet-activity-restrictions,2026-10-06T08:30:41+00:00
Healthline Recent,https://www.healthline.com/directory/recent,health,65,Can You Split Foundayo Pills?,https://www.healthline.com/health/drugs/can-you-split-foundayo-pills,2026-10-06T08:30:41+00:00
Healthline Recent,https://www.healthline.com/directory/recent,health,66,11 Health Screening Myths Busted,https://www.healthline.com/health/health-screening-myths,2026-10-06T08:30:41+00:00
Healthline Recent,https://www.healthline.com/directory/recent,health,67,Amtagvi (Lifileucel) Side Effects: What to Expect Before and After Treatment,https://www.healthline.com/health/drugs/amtagvi-side-effects,2026-10-06T08:30:41+00:00
Healthline Recent,https://www.healthline.com/directory/recent,health,68,Can You Take Acid Reflux Medications with Oral GLP-1s?,https://www.healthline.com/health/drugs/acid-reflux-medication-glp-1-pill-oral-semaglutide,2026-10-06T08:30:41+00:00
Healthline Recent,https://www.healthline.com/directory/recent,health,69,Can I Take Weight Loss Pills with GLP-1 Injections?,https://www.healthline.com/health/drugs/can-i-take-weight-loss-pills-with-glp-1-injections,2026-10-06T08:30:41+00:00
Healthline Recent,https://www.healthline.com/directory/recent,health,70,What Are the Effects of Health Misinformation?,https://www.healthline.com/health/effects-of-health-misinformation,2026-10-06T08:30:41+00:00
Healthline Recent,https://www.healthline.com/directory/recent,health,71,Debunking 10 of the Most Common Health Myths,https://www.healthline.com/health/common-health-myths,2026-10-06T08:30:41+00:00
Healthline Recent,https://www.healthline.com/directory/recent,health,72,Foundayo Weight Loss Results: What to Expect,https://www.healthline.com/health/drugs/foundayo-weight-loss-results,2026-10-06T08:30:41+00:00
Healthline Recent,https://www.healthline.com/directory/recent,health,73,14 Habits for Healthy Aging Challenge,https://www.healthline.com/health/healthy-aging-habits,2026-10-06T08:30:41+00:00
Healthline Recent,https://www.healthline.com/directory/recent,health,74,Download: 14 Habits for Healthy Aging Calendar,https://www.healthline.com/health/download-14-habits-for-healthy-aging-calendar,2026-10-06T08:30:41+00:00
Healthline Recent,https://www.healthline.com/directory/recent,health,75,Ask the Expert: How Is Myelofibrosis Treated and Managed?,https://www.healthline.com/health/how-is-myelofibrosis-treated-and-managed,2026-10-06T08:30:41+00:00
Healthline Recent,https://www.healthline.com/directory/recent,health,76,What Causes GLP-1 Brain Fog?,https://www.healthline.com/health/drugs/glp-1-brain-fog,2026-10-06T08:30:41+00:00
Healthline Recent,https://www.healthline.com/directory/recent,health,77,What Happens if You Eat Too Soon After Taking the Wegovy Pill?,https://www.healthline.com/health/drugs/eating-too-soon-after-taking-wegovy-pill,2026-10-06T08:30:41+00:00
Healthline Recent,https://www.healthline.com/directory/recent,health,78,Can Salad Give You Food Poisoning?,https://www.healthline.com/health/can-salad-give-you-food-poisoning,2026-10-06T08:30:41+00:00
Healthline Recent,https://www.healthline.com/directory/recent,health,79,Collective Effervescence: The Power of Shared Experiences,https://www.healthline.com/health/collective-effervescence,2026-10-06T08:30:41+00:00
Healthline Recent,https://www.healthline.com/directory/recent,health,80,What Is the Best GLP-1 Pill?,https://www.healthline.com/health/drugs/best-glp-1-pill,2026-10-06T08:30:41+00:00
Healthline Recent,https://www.healthline.com/directory/recent,health,81,Not Losing Weight on Wegovy? This May Be Why,https://www.healthline.com/health/drugs/not-losing-weight-on-wegovy,2026-10-06T08:30:41+00:00
Healthline Recent,https://www.healthline.com/directory/recent,health,82,Retatrutide vs. Tirzepatide: Facts About the Trend,https://www.healthline.com/health/drugs/retatrutide-vs-tirzepatide,2026-10-06T08:30:41+00:00
Healthline Recent,https://www.healthline.com/directory/recent,health,83,Can You Still Drink Coffee on Mounjaro?,https://www.healthline.com/health/drugs/can-you-drink-coffee-on-mounjaro,2026-10-06T08:30:41+00:00
Healthline Recent,https://www.healthline.com/directory/recent,health,84,Can You Pass Out From a Panic Attack?,https://www.healthline.com/health/can-you-pass-out-from-a-panic-attack,2026-10-06T08:30:41+00:00
Healthline Recent,https://www.healthline.com/directory/recent,health,85,Risks and Benefits of GLP-1 Drugs for Older Adults,https://www.healthline.com/health/drugs/glp-1s-for-older-adults-risks-vs-benefits,2026-10-06T08:30:41+00:00
Healthline Recent,https://www.healthline.com/directory/recent,health,86,Ekterly Side Effects And Interactions: What To Know About This HAE Medication,https://www.healthline.com/health/drugs/ekterly-side-effects-interactions,2026-10-06T08:30:41+00:00
Healthline Recent,https://www.healthline.com/directory/recent,health,87,How To Manage Your Lifyorli Dosing Schedule For Ovarian Cancer,https://www.healthline.com/health/drugs/lifyorli-dosing-schedule-for-ovarian-cancer,2026-10-06T08:30:41+00:00
Healthline Recent,https://www.healthline.com/directory/recent,health,88,Research Chemicals vs. FDA-Approved Peptides: What’s The Difference?,https://www.healthline.com/health/drugs/research-chemicals-vs-fda-approved-peptides,2026-10-06T08:30:41+00:00
Healthline Recent,https://www.healthline.com/directory/recent,health,89,A Comprehensive Guide To Peptides: What Are They?,https://www.healthline.com/health/drugs/peptides-uses-types-safety-guide,2026-10-06T08:30:41+00:00
Healthline Recent,https://www.healthline.com/directory/recent,health,90,6 Ways to Support a Loved One with IgA Nephropathy,https://www.healthline.com/health/kidney-disease/6-ways-to-support-a-loved-one-with-iga-nephropathy,2026-10-06T08:30:41+00:00
Healthline Recent,https://www.healthline.com/directory/recent,health,91,What Is a Compounding Pharmacy and How Do You Choose One?,https://www.healthline.com/health/drugs/what-is-a-compounding-pharmacy-and-how-to-choose,2026-10-06T08:30:41+00:00
Healthline Recent,https://www.healthline.com/directory/recent,health,92,What's in the Wolverine Peptide Stack? Research and Safety,https://www.healthline.com/health/wolverine-peptides,2026-10-06T08:30:41+00:00
Healthline Recent,https://www.healthline.com/directory/recent,health,93,Are Peptides Safe? What You Need to Know,https://www.healthline.com/health/are-peptides-safe,2026-10-06T08:30:41+00:00
Healthline Recent,https://www.healthline.com/directory/recent,health,94,Can Heat Make Medication Less Effective?,https://www.healthline.com/health/drugs/can-heat-make-medication-less-effective,2026-10-06T08:30:41+00:00
Healthline Recent,https://www.healthline.com/directory/recent,health,95,Quiz: Do You know the Symptoms of Asthma?,https://www.healthline.com/health/asthma/quiz-do-you-know-the-symptoms-of-asthma,2026-10-06T08:30:41+00:00
Healthline Recent,https://www.healthline.com/directory/recent,health,96,What Is ROS1-Positive Non-Small Cell Lung Cancer?,https://www.healthline.com/health/overview-ros1-positive-non-small-cell-lung-cancer,2026-10-06T08:30:41+00:00
Healthline Recent,https://www.healthline.com/directory/recent,health,97,Are Peptides Legal? What You Need to Know,https://www.healthline.com/health/are-peptides-legal,2026-10-06T08:30:41+00:00
Healthline Recent,https://www.healthline.com/directory/recent,health,98,Is It Safe to Have Electrolyte Drinks with Prescription Drugs?,https://www.healthline.com/health/drugs/medications-with-electrolyte-drinks,2026-10-06T08:30:41+00:00
Healthline Recent,https://www.healthline.com/directory/recent,health,99,Fueling Your Body: Diet and Exercise Tips for People with Diabetes on Insulin Therapy,https://www.healthline.com/health/drugs/diet-exercise-insulin-therapy-diabetes,2026-10-06T08:30:41+00:00
Healthline Recent,https://www.healthline.com/directory/recent,health,100,Can You Split a GLP-1 Pill to Microdose?,https://www.healthline.com/health/drugs/can-you-microdose-glp-1s-by-splitting-pills,2026-10-06T08:30:41+00:00
Healthline Recent,https://www.healthline.com/directory/recent,health,101,Can I Take Foundayo Without Water or Food?,https://www.healthline.com/health/drugs/can-i-take-foundayo-without-water-or-food,2026-10-06T08:30:41+00:00
Healthline Recent,https://www.healthline.com/directory/recent,health,102,"Wilate Cost, Savings, and Insurace: A Guide",https://www.healthline.com/health/drugs/wilate-cost,2026-10-06T08:30:41+00:00
Healthline Recent,https://www.healthline.com/directory/recent,health,103,Is It Safe to Take Adderall Before Working Out?,https://www.healthline.com/health/drugs/adderall-before-workout-safety,2026-10-06T08:30:41+00:00
Healthline Recent,https://www.healthline.com/directory/recent,health,104,How GLP-1 Medications Can Affect Mental Health,https://www.healthline.com/health/weight-loss/glp-1-medications-mental-health,2026-10-06T08:30:41+00:00
Healthline Recent,https://www.healthline.com/directory/recent,health,105,What to Know About GLP-1 Medications and Bone Health,https://www.healthline.com/health/weight-loss/glp-1-medications-bone-health,2026-10-06T08:30:41+00:00
Healthline Recent,https://www.healthline.com/directory/recent,health,106,Vomiting After Taking a GLP-1 Pill: What Should You Do?,https://www.healthline.com/health/drugs/vomit-after-taking-glp-1-pill,2026-10-06T08:30:41+00:00
Healthline Recent,https://www.healthline.com/directory/recent,health,107,How to Support Indepedence in Older Adults,https://www.healthline.com/health/independence-and-the-elderly,2026-10-06T08:30:41+00:00
Healthline Recent,https://www.healthline.com/directory/recent,health,108,Taking Adderall Without ADHD: What Are the Risks?,https://www.healthline.com/health/drugs/adderall-without-adhd-risks,2026-10-06T08:30:41+00:00
Healthline Recent,https://www.healthline.com/directory/recent,health,109,Vyvanse and Caffeine: Is it Dangerous to Combine Them?,https://www.healthline.com/health/drugs/caffeine-with-vyvanse,2026-10-06T08:30:41+00:00
Healthline Recent,https://www.healthline.com/directory/recent,health,110,What Are GLP-3s?,https://www.healthline.com/health/drugs/what-are-glp-3s,2026-10-06T08:30:41+00:00
Healthline Recent,https://www.healthline.com/directory/recent,health,111,EllaOla Review: Are They the Best Unflavored Vitamins for Kids?,https://www.healthline.com/health/ellaola-review,2026-10-06T08:30:41+00:00
Healthline Recent,https://www.healthline.com/directory/recent,health,112,The Inside Mental Health Podcast,https://www.healthline.com/health/the-inside-mental-health-podcast,2026-10-06T08:30:41+00:00
Healthline Recent,https://www.healthline.com/directory/recent,health,113,How to Eat and Exercise on Zepbound: Tips and Recipes,https://www.healthline.com/health/drugs/zepbound-exercise-and-diet-plan,2026-10-06T08:30:41+00:00
Healthline Recent,https://www.healthline.com/directory/recent,health,114,Can You Overdose on a GLP-1?,https://www.healthline.com/health/drugs/overdose-on-a-glp-1,2026-10-06T08:30:41+00:00
Healthline Recent,https://www.healthline.com/directory/recent,health,115,Missing a Dose of Mounjaro: What Should You Do?,https://www.healthline.com/health/drugs/missed-dose-mounjaro,2026-10-06T08:30:41+00:00
Healthline Recent,https://www.healthline.com/directory/recent,health,116,When Can Children Take GLP-1s For Weight Loss?,https://www.healthline.com/health/drugs/children-glp-1s-weight-loss,2026-10-06T08:30:41+00:00
Healthline Recent,https://www.healthline.com/directory/recent,health,117,"Healthline Lessons Is No Longer Available — Meet Its Replacement, Daily Dose",https://www.healthline.com/health/healthline-lessons-is-now-daily-dose,2026-10-06T08:30:41+00:00
Healthline Recent,https://www.healthline.com/directory/recent,health,118,Urolithin A for Longevity and Muscle Strength,https://www.healthline.com/health/drugs/urolithin-a-muscle-strength-longevity,2026-10-06T08:30:41+00:00
Healthline Recent,https://www.healthline.com/directory/recent,health,119,How to Exercise Safely When Taking Diabetes Medications,https://www.healthline.com/health/drugs/exercising-diabetes-medications,2026-10-06T08:30:41+00:00
Healthline Recent,https://www.healthline.com/directory/recent,health,120,The 4 Best CBD THC Gummies in 2026,https://www.healthline.com/health/cbd-thc-gummies,2026-10-06T08:30:41+00:00
Healthline Recent,https://www.healthline.com/directory/recent,health,121,"Hims Hair Loss Review: Products, Telehealth, and More",https://www.healthline.com/health/hims-hairloss-review,2026-10-06T08:30:41+00:00
Healthline Recent,https://www.healthline.com/directory/recent,health,122,Which Medications Can Increase Sun Sensitivity?,https://www.healthline.com/health/drugs/sun-sensitivity-and-medications,2026-10-06T08:30:41+00:00
Healthline Recent,https://www.healthline.com/directory/recent,health,123,8 Common Skin Problems in Dogs,https://www.healthline.com/health/pet-health/skin-problems-in-dogs,2026-10-06T08:30:41+00:00
Healthline Recent,https://www.healthline.com/directory/recent,health,124,Protein Balance Challenge: 7 Days to Boost Energy and Eat Smarter,https://www.healthline.com/health/nutrition/gut-check-challenge-protein-balance,2026-10-06T08:30:41+00:00
Healthline Recent,https://www.healthline.com/directory/recent,health,125,Your Ultimate Guide to Protein Powders,https://www.healthline.com/health/nutrition/protein-powders,2026-10-06T08:30:41+00:00
Healthline Recent,https://www.healthline.com/directory/recent,health,126,What to do if you miss a dose of Zepbound,https://www.healthline.com/health/drugs/missed-dose-zepbound,2026-10-06T08:30:41+00:00
Healthline Recent,https://www.healthline.com/directory/recent,health,127,Download: 7-Day Gut Check Protein Balance Calendar,https://www.healthline.com/health/nutrition/7-day-protein-boost-calendar,2026-10-06T08:30:41+00:00
Healthline Recent,https://www.healthline.com/directory/recent,health,128,Is Cardamyst Covered By Insurance?,https://www.healthline.com/health/drugs/is-cardamyst-covered-by-insurance,2026-10-06T08:30:41+00:00
Healthline Recent,https://www.healthline.com/directory/recent,health,129,"Your Guide to Redemplo: Dosing, Injection Sites, and Storage Recommendations",https://www.healthline.com/health/drugs/redemplo-dosage,2026-10-06T08:30:41+00:00
Healthline Recent,https://www.healthline.com/directory/recent,health,130,Paws And Pricks: Navigating Your Dog’s Vaccination Schedule,https://www.healthline.com/health/drugs/vaccinations-dog,2026-10-06T08:30:41+00:00
Healthline Recent,https://www.healthline.com/directory/recent,health,131,What Are the Treatment Options for Congenital Adrenal Hyperplasia?,https://www.healthline.com/health/what-are-the-treatment-options-for-congenital-adrenal-hyperplasia,2026-10-06T08:30:41+00:00
Healthline Recent,https://www.healthline.com/directory/recent,health,132,What Are the Symptoms of Congenital Adrenal Hyperplasia?,https://www.healthline.com/health/what-are-the-symptoms-of-congenital-adrenal-hyperplasia,2026-10-06T08:30:41+00:00
Healthline Recent,https://www.healthline.com/directory/recent,health,133,Wegovy Diet and Exercise Plan: What to Do from Day One,https://www.healthline.com/health/drugs/wegovy-exercise-and-diet-plan,2026-10-06T08:30:41+00:00
Healthline Recent,https://www.healthline.com/directory/recent,health,134,"How Much Does Jascayd Cost? A Guide to Pricing, Insurance, and Savings",https://www.healthline.com/health/drugs/jascayd-cost,2026-10-06T08:30:41+00:00
Healthline Recent,https://www.healthline.com/directory/recent,health,135,How to Stay Hydrated During a Heatwave,https://www.healthline.com/health/nutrition/how-to-stay-hydrated-in-heat,2026-10-06T08:30:41+00:00
Healthline Recent,https://www.healthline.com/directory/recent,health,136,Is Social Media Shadow Banning Women's Health Content? Here’s What You Need to Know,https://www.healthline.com/health/women-health-content-ban,2026-10-06T08:30:41+00:00
Healthline Recent,https://www.healthline.com/directory/recent,health,137,Can I Take Workout Supplements with Prescription Medications?,https://www.healthline.com/health/drugs/workout-supplements-and-prescription-medication,2026-10-06T08:30:41+00:00
Healthline Recent,https://www.healthline.com/directory/recent,health,138,Expert Answers About GLP-1 Medications for Older Adults,https://www.healthline.com/health/weight-loss/expert-answers-about-glp-1-medications-for-older-adults,2026-10-06T08:30:41+00:00
Healthline Recent,https://www.healthline.com/directory/recent,health,139,I Tried Eating Tinned Sardines for a Week for Better Skin: Did It Work?,https://www.healthline.com/health/food-nutrition/sardines-for-skin,2026-10-06T08:30:41+00:00
Healthline Recent,https://www.healthline.com/directory/recent,health,140,How to Take Attruby for ATTR-CM: Instructions and Tips,https://www.healthline.com/health/drugs/attruby-dosage,2026-10-06T08:30:41+00:00
Healthline Recent,https://www.healthline.com/directory/recent,health,141,When Does Your Cat Need Shots? A Vaccine Guide by Age,https://www.healthline.com/health/drugs/vaccinations-cat,2026-10-06T08:30:41+00:00
Healthline Recent,https://www.healthline.com/directory/recent,health,142,"These Digestive Health Habits Could Make Weight Loss Easier, Experts Say",https://www.healthline.com/health/digestive-health/digestive-health-habits-for-weight-loss,2026-10-06T08:30:41+00:00
Healthline Recent,https://www.healthline.com/directory/recent,health,143,What to Do If ADHD Medication Stops Working,https://www.healthline.com/health/drugs/what-to-do-if-your-adhd-med-stops-working,2026-10-06T08:30:41+00:00
Healthline Recent,https://www.healthline.com/directory/recent,health,144,Can I Have Energy Drinks on a GLP-1?,https://www.healthline.com/health/drugs/energy-drinks-glp-1,2026-10-06T08:30:41+00:00
Healthline Recent,https://www.healthline.com/directory/recent,health,145,What Are the Benefits of the Mediterranean Diet in Pregnancy?,https://www.healthline.com/health/pregnancy/benefits-of-mediterranean-diet-in-pregnancy,2026-10-06T08:30:41+00:00
Healthline Recent,https://www.healthline.com/directory/recent,health,146,Is There a Link Between Diabetes and Early Menopause?,https://www.healthline.com/health/menopause/diabetes-and-early-menopause,2026-10-06T08:30:41+00:00
Healthline Recent,https://www.healthline.com/directory/recent,health,147,Can Menstrual Cycle Changes be a Symptom of PMOS?,https://www.healthline.com/health/womens-health/can-menstrual-cycle-changes-be-a-symptom-of-pcos-pmos,2026-10-06T08:30:41+00:00
Healthline Recent,https://www.healthline.com/directory/recent,health,148,A Fitness Expert Reviews Cristiano Ronaldo’s Workout: How to Adapt It for You,https://www.healthline.com/health/fitness/cristiano-ronaldo-workout,2026-10-06T08:30:41+00:00
Healthline Recent,https://www.healthline.com/directory/recent,health,149,Feline Dementia: Symptoms and Management,https://www.healthline.com/health/pet-health/feline-dementia-symptoms-and-management,2026-10-06T08:30:41+00:00
Healthline Recent,https://www.healthline.com/directory/recent,health,150,Is CBD Good for Dogs? An Expert Weighs In,https://www.healthline.com/health/pet-health/cbd-for-dogs,2026-10-06T08:30:41+00:00
Healthline Recent,https://www.healthline.com/directory/recent,health,151,I Tried Breathing Exercises for Anxiety Last Month: When Failure Invites Grace,https://www.healthline.com/health/anxiety/i-tried-these-breathing-exercises-for-anxiety,2026-10-06T08:30:41+00:00
Healthline Recent,https://www.healthline.com/directory/recent,health,152,How Long Does QuilliChew ER Last?,https://www.healthline.com/health/drugs/how-long-does-quillichew-er-last,2026-10-06T08:30:41+00:00
Healthline Recent,https://www.healthline.com/directory/recent,health,153,How to Stay Safe at Sports Events If You Have Food Allergies,https://www.healthline.com/health/allergies/food-allergies-at-sports-events,2026-10-06T08:30:41+00:00
Healthline Recent,https://www.healthline.com/directory/recent,health,154,Ask the Advocate: How Do I Manage the Social Impact of C. Diff?,https://www.healthline.com/health/explaining-c-diff-diagnosis,2026-10-06T08:30:41+00:00
Healthline Recent,https://www.healthline.com/directory/recent,health,155,What to Expect on a GLP-1: Personal Experiences,https://www.healthline.com/health/drugs/what-to-expect-on-glp-1-personal-experiences,2026-10-06T08:30:41+00:00
Healthline Recent,https://www.healthline.com/directory/recent,health,156,"The Best 30 Minute Workout Routine for Weight Loss and Muscle Gain, According to a Fitness Expert",https://www.healthline.com/health/fitness/gym-routine-for-fat-loss-and-muscle-gain,2026-10-06T08:30:41+00:00
Healthline Recent,https://www.healthline.com/directory/recent,health,157,How Much Rapamycin Should I Take to Live Longer?,https://www.healthline.com/health/drugs/rapamycin-dosage-for-longevity-new-research,2026-10-06T08:30:41+00:00
Healthline Recent,https://www.healthline.com/directory/recent,health,158,Can GLP-1 Medications Slow Down Aging?,https://www.healthline.com/health/drugs/glp-1-anti-aging-and-longevity-benefits,2026-10-06T08:30:41+00:00
Healthline Recent,https://www.healthline.com/directory/recent,health,159,How to Manage Your Emotions When Your Favorite Sports Team Loses,https://www.healthline.com/health/sports-fan-depression,2026-10-06T08:30:41+00:00
Healthline Recent,https://www.healthline.com/directory/recent,health,160,"Hims Weight Loss 2026: Cost, Pros and Cons, and More",https://www.healthline.com/health/hims-weight-loss,2026-10-06T08:30:41+00:00
Healthline Recent,https://www.healthline.com/directory/recent,health,161,Ask the Expert: How to Manage Nutrition Challenges in Metastatic Gastroesophageal Adenocarcinoma,https://www.healthline.com/health/cancer/gastroesophageal-adenocarcinoma-nutrition-expert,2026-10-06T08:30:41+00:00
Healthline Recent,https://www.healthline.com/directory/recent,health,162,Your Migraine Prevention All-Star Team,https://www.healthline.com/health/migraine/your-migraine-prevention-all-star-team,2026-10-06T08:30:41+00:00
Healthline Recent,https://www.healthline.com/directory/recent,health,163,Foundayo vs. Wegovy: How Do They Compare?,https://www.healthline.com/health/drugs/foundayo-vs-wegovy,2026-10-06T08:30:41+00:00
Healthline Recent,https://www.healthline.com/directory/recent,health,164,The Most Efficient Momcozy Products for On-The-Go Parents in 2026,https://www.healthline.com/health/momcozy,2026-10-06T08:30:41+00:00
Healthline Recent,https://www.healthline.com/directory/recent,health,165,What to Know About Gut Recovery After a C. diff Infection,https://www.healthline.com/health/c-diff-gut-recovery,2026-10-06T08:30:41+00:00
Healthline Recent,https://www.healthline.com/directory/recent,health,166,Your FAQs Answered About When C. diff is an Emergency,https://www.healthline.com/health/when-is-c-diff-an-emergency,2026-10-06T08:30:41+00:00
Healthline Recent,https://www.healthline.com/directory/recent,health,167,Can Stress Cause Fatigue?,https://www.healthline.com/health/can-stress-cause-fatigue,2026-10-06T08:30:41+00:00
Healthline Recent,https://www.healthline.com/directory/recent,health,168,Does High Blood Sugar Make You Tired?,https://www.healthline.com/health/does-high-blood-sugar-make-you-tired,2026-10-06T08:30:41+00:00
Healthline Recent,https://www.healthline.com/directory/recent,health,169,"How Exercise Can Help Boost Energy, Mood, and Self-Esteem",https://www.healthline.com/health/exercise-and-energy,2026-10-06T08:30:41+00:00
Healthline Recent,https://www.healthline.com/directory/recent,health,170,Does Dehydration Cause Fatigue? Symptoms and How to Feel Better Fast,https://www.healthline.com/health/does-dehydration-cause-fatigue,2026-10-06T08:30:41+00:00
Healthline Recent,https://www.healthline.com/directory/recent,health,171,How Long Does Lynparza Stay In Your System?,https://www.healthline.com/health/drugs/how-long-lynparza-stays-in-your-system,2026-10-06T08:30:41+00:00
Healthline Recent,https://www.healthline.com/directory/recent,health,172,Senolytic Drugs for Longevity: How They Work and Why They Matter,https://www.healthline.com/health/drugs/senolytics-drugs,2026-10-06T08:30:41+00:00
Healthline Recent,https://www.healthline.com/directory/recent,health,173,Managing Anxiety When You Identify as LGBTQIA+,https://www.healthline.com/health/mental-health/lgbtq-anxiety,2026-10-06T08:30:41+00:00
Healthline Recent,https://www.healthline.com/directory/recent,health,174,How to Advocate for Yourself During Metastatic Gastroesophageal Adenocarcinoma Treatment,https://www.healthline.com/health/cancer/gastroesophageal-adenocarcinoma-self-advocacy,2026-10-06T08:30:41+00:00
Healthline Recent,https://www.healthline.com/directory/recent,health,175,NAD+ IV Drips: Are They Safe?,https://www.healthline.com/health/drugs/are-nad-iv-drips-safe,2026-10-06T08:30:41+00:00
Healthline Recent,https://www.healthline.com/directory/recent,health,176,Where Does Evenity Get Injected?,https://www.healthline.com/health/drugs/evenity-injection-sites,2026-10-06T08:30:41+00:00
Healthline Recent,https://www.healthline.com/directory/recent,health,177,Test Your Knowledge: Calling Foul on Migraine Myths Quiz,https://www.healthline.com/health/migraine/test-your-knowledge-calling-foul-on-migraine-myths-quiz,2026-10-06T08:30:41+00:00
Healthline Recent,https://www.healthline.com/directory/recent,health,178,How Chronic Illness Changed My Relationship With Productivity,https://www.healthline.com/health/chronic-illness-and-productivity,2026-10-06T08:30:41+00:00
Healthline Recent,https://www.healthline.com/directory/recent,health,179,Introducing the 14-Day Energy Boost Challenge,https://www.healthline.com/health/energy-boost-challenge,2026-10-06T08:30:41+00:00
Healthline Recent,https://www.healthline.com/directory/recent,health,180,You Don’t Have to Be a Soccer Pro to Reap the Health Benefits,https://www.healthline.com/health/fitness/health-benefits-of-soccer,2026-10-06T08:30:41+00:00
Healthline Recent,https://www.healthline.com/directory/recent,health,181,Download: 14-Day Energy Boost Calendar,https://www.healthline.com/health/download-14-day-energy-boost-calendar,2026-10-06T08:30:41+00:00
Healthline Recent,https://www.healthline.com/directory/recent,health,182,Does Wegovy Lower Blood Pressure?,https://www.healthline.com/health/drugs/wegovy-blood-pressure,2026-10-06T08:30:41+00:00
Healthline Recent,https://www.healthline.com/directory/recent,health,183,What Is Cystic Fibrosis?,https://www.healthline.com/health/cystic-fibrosis,2026-10-06T08:30:41+00:00
Healthline Recent,https://www.healthline.com/directory/recent,health,184,"Inluriyo for Breast Cancer: Uses, Side Effects, and Cost",https://www.healthline.com/health/drugs/inluriyo,2026-10-06T08:30:41+00:00
Healthline Recent,https://www.healthline.com/directory/recent,health,185,How Is Forteo Administered?,https://www.healthline.com/health/drugs/how-is-forteo-administered,2026-10-06T08:30:41+00:00
Healthline Recent,https://www.healthline.com/directory/recent,health,186,Exdensur 101: Everything You Need to Know,https://www.healthline.com/health/drugs/exdensur,2026-10-06T08:30:41+00:00
Healthline Recent,https://www.healthline.com/directory/recent,health,187,6 Laundry Habits That Could Be Irritating Your Skin,https://www.healthline.com/health/laundry-habits-that-could-be-irritating-your-skin,2026-10-06T08:30:41+00:00
Healthline Recent,https://www.healthline.com/directory/recent,health,188,Mounjaro: Is Fatigue a Side Effect?,https://www.healthline.com/health/drugs/mounjaro-fatigue,2026-10-06T08:30:41+00:00
Healthline Recent,https://www.healthline.com/directory/recent,health,189,Quiz: How Skin-Friendly Are Your Everyday Habits?,https://www.healthline.com/health/quiz-how-skin-friendly-are-your-everyday-habits,2026-10-06T08:30:41+00:00
Healthline Recent,https://www.healthline.com/directory/recent,health,190,Ask the Expert: How to Care for Changing Mature Skin,https://www.healthline.com/health/ask-the-expert-how-to-care-for-changing-mature-skin,2026-10-06T08:30:41+00:00
Healthline Recent,https://www.healthline.com/directory/recent,health,191,Why Your Laundry Routine Matters More For Skin Health Than You Think,https://www.healthline.com/health/why-your-laundry-routine-matters-more-for-skin-health-than-you-think,2026-10-06T08:30:41+00:00
Healthline Recent,https://www.healthline.com/directory/recent,health,192,Designing Your Expert Playbook: Chronic Migraine Treatment,https://www.healthline.com/health/migraine/designing-your-expert-playbook-chronic-migraine-treatment,2026-10-06T08:30:41+00:00
Healthline Recent,https://www.healthline.com/directory/recent,health,193,Building Your Team: How to Assemble Your Chronic Migraine Care Team,https://www.healthline.com/health/migraine/building-your-team-how-to-assemble-your-chronic-migraine-care-team,2026-10-06T08:30:41+00:00
Healthline Recent,https://www.healthline.com/directory/recent,health,194,"No Shame in Your Game: Stigma Around ""Sitting out"" Due to Chronic Migraine",https://www.healthline.com/health/migraine/no-shame-in-your-game-stigma-around-sitting-out-due-to-chronic-migraine,2026-10-06T08:30:41+00:00
Healthline Nutrition,https://www.healthline.com/nutrition,health,1,Feel Good Food,https://www.healthline.com/nutrition/feel-good-food,2026-10-06T08:30:41+00:00
Healthline Nutrition,https://www.healthline.com/nutrition,health,2,Vitamins & Supplements,https://www.healthline.com/nutrition/vitamins-and-supplements,2026-10-06T08:30:41+00:00
Healthline Nutrition,https://www.healthline.com/nutrition,health,3,Eat It or Leave It? A Comprehensive Ingredient Dictionary to Simplify Your Shopping Trip,https://www.healthline.com/nutrition/eat-it-or-leave-it-a-comprehensive-ingredient-dictionary-to-simplify-your-shopping-trip,2026-10-06T08:30:41+00:00
Healthline Nutrition,https://www.healthline.com/nutrition,health,4,Healthy Eating Refresh: Letter from the Editor,https://www.healthline.com/nutrition/healthy-eating-refresh-letter-from-the-editor,2026-10-06T08:30:41+00:00
Healthline Nutrition,https://www.healthline.com/nutrition,health,5,Get Your Vitamin P: Why Pleasure Matters When It Comes to What You Eat,https://www.healthline.com/nutrition/get-your-vitamin-p-why-pleasure-matters-when-it-comes-to-what-you-eat,2026-10-06T08:30:41+00:00
Healthline Nutrition,https://www.healthline.com/nutrition,health,6,10 Ways to Lower Your Grocery Bill as Prices Increase,https://www.healthline.com/nutrition/lower-grocery-bill-inflation,2026-10-06T08:30:41+00:00
Healthline Nutrition,https://www.healthline.com/nutrition,health,7,15 Staple Foods to Make Healthy Eating Easy All Week Long,https://www.healthline.com/nutrition/staple-foods-to-make-healthy-eating-easy-all-week-long,2026-10-06T08:30:41+00:00
Healthline Nutrition,https://www.healthline.com/nutrition,health,8,The Definitive Guide to Healthy Eating in Real Life,https://www.healthline.com/nutrition/how-to-eat-healthy-guide,2026-10-06T08:30:41+00:00
Healthline Nutrition,https://www.healthline.com/nutrition,health,9,How to Stock Your Pantry for Quick & Easy Meals in Minutes,https://www.healthline.com/nutrition/how-to-stock-your-pantry-for-quick-easy-meals-in-minutes,2026-10-06T08:30:41+00:00
Healthline Nutrition,https://www.healthline.com/nutrition,health,10,"Plant-based Protein: The Best, the Worst, and Everything In Between",https://www.healthline.com/nutrition/plant-based-protein-the-best-the-worst-and-everything-in-between,2026-10-06T08:30:41+00:00
Healthline Nutrition,https://www.healthline.com/nutrition,health,11,The Definitive Guide to Healthy Grocery Shopping,https://www.healthline.com/nutrition/healthy-grocery-shopping-guide,2026-10-06T08:30:41+00:00
Healthline Nutrition,https://www.healthline.com/nutrition,health,12,Try it or Toss it? The Supplements You Need and the Ones You Can Skip,https://www.healthline.com/nutrition/try-it-or-toss-it-the-supplements-you-need-and-the-ones-you-can-skip,2026-10-06T08:30:41+00:00
Healthline Nutrition,https://www.healthline.com/nutrition,health,13,"How to Find Wisdom in Food Cravings, Plus 7 Ways to Make Peace With…",https://www.healthline.com/nutrition/finding-the-wisdom-in-food-cravings-plus-tk-techniques-to-make-peace-with-them,2026-10-06T08:30:41+00:00
Healthline Nutrition,https://www.healthline.com/nutrition,health,14,How to Ditch Diet Culture and Learn to Trust Your Body’s Cues,https://www.healthline.com/nutrition/what-is-food-freedom-getting-started-weight-loss-and-tips,2026-10-06T08:30:41+00:00
Healthline Nutrition,https://www.healthline.com/nutrition,health,15,"Dear Fat, Black Girls Who Were Not Spared from Diet Culture—I…",https://www.healthline.com/health/diet-culture-affects-fat-black-women,2026-10-06T08:30:41+00:00
Healthline Nutrition,https://www.healthline.com/nutrition,health,16,The Dangers of Diet Culture: 10 Women Share How Toxic It Is,https://www.healthline.com/health/mental-health/diet-culture,2026-10-06T08:30:41+00:00
Healthline Nutrition,https://www.healthline.com/nutrition,health,17,12 High Carb Foods That Are Incredibly Healthy,https://www.healthline.com/nutrition/12-healthy-high-carb-foods,2026-10-06T08:30:41+00:00
Healthline Nutrition,https://www.healthline.com/nutrition,health,18,"9 Tips for Joyful, Balanced Eating from Divya's Ayurvedic Kitchen",https://www.healthline.com/nutrition/tips-for-finding-balance-and-joy-through-food-from-divyas-ayurvedic-kitchen,2026-10-06T08:30:41+00:00
Healthline Nutrition,https://www.healthline.com/nutrition,health,19,"Vegan Teen Chef Tabay Atkins on Healthy, Heart-Based Eating",https://www.healthline.com/nutrition/vegan-teen-chef-tabay-atkins-on-healthy-heart-based-eating,2026-10-06T08:30:41+00:00
Healthline Nutrition,https://www.healthline.com/nutrition,health,20,How to Be an Ethical Omnivore,https://www.healthline.com/nutrition/ethical-omnivore,2026-10-06T08:30:41+00:00
Healthline Nutrition,https://www.healthline.com/nutrition,health,21,Is BMI a Fair Health Metric for Black Women?,https://www.healthline.com/nutrition/bmi-for-black-women,2026-10-06T08:30:41+00:00
Healthline Nutrition,https://www.healthline.com/nutrition,health,22,How Long Does It Take to Lose Weight?,https://www.healthline.com/nutrition/how-long-does-it-take-to-lose-weight,2026-10-06T08:30:41+00:00
Healthline Nutrition,https://www.healthline.com/nutrition,health,23,Omega-3 Supplement Guide,https://www.healthline.com/nutrition/omega-3-supplement-guide,2026-10-06T08:30:41+00:00
Healthline Nutrition,https://www.healthline.com/nutrition,health,24,The 15 Best Supplements to Boost Your Immune System Right Now,https://www.healthline.com/nutrition/immune-boosting-supplements,2026-10-06T08:30:41+00:00
Healthline Nutrition,https://www.healthline.com/nutrition,health,25,8 Best Vitamin D Supplements for Optimal Absorption: Reviewed by…,https://www.healthline.com/nutrition/best-vitamin-d-supplements,2026-10-06T08:30:41+00:00
Healthline Nutrition,https://www.healthline.com/nutrition,health,26,Can Vitamin D Lower Your Risk of COVID-19?,https://www.healthline.com/nutrition/vitamin-d-coronavirus,2026-10-06T08:30:41+00:00
Healthline Nutrition,https://www.healthline.com/nutrition,health,27,"5 Best Fish Oil Supplements to Boost Your Omega-3s in 2026, According…",https://www.healthline.com/nutrition/best-fish-oil-supplement,2026-10-06T08:30:41+00:00
Healthline Nutrition,https://www.healthline.com/nutrition,health,28,"3 Best Personalized Vitamins of 2026, According to Dietitians",https://www.healthline.com/nutrition/personalized-vitamins,2026-10-06T08:30:41+00:00
Healthline Nutrition,https://www.healthline.com/nutrition,health,29,The 17 Best Foods for High Blood Pressure,https://www.healthline.com/nutrition/foods-high-blood-pressure,2026-10-06T08:30:41+00:00
Healthline Nutrition,https://www.healthline.com/nutrition,health,30,The 13 Most Anti-Inflammatory Foods You Can Eat,https://www.healthline.com/nutrition/13-anti-inflammatory-foods,2026-10-06T08:30:41+00:00
Healthline Nutrition,https://www.healthline.com/nutrition,health,31,"Hashimoto Diet: Overview, Foods, Supplements, and Tips",https://www.healthline.com/nutrition/hashimoto-diet,2026-10-06T08:30:41+00:00
Healthline Nutrition,https://www.healthline.com/nutrition,health,32,18 of the Best Non-Perishables for People with Diabetes,https://www.healthline.com/nutrition/non-perishables-for-people-with-diabetes,2026-10-06T08:30:41+00:00
Healthline Nutrition,https://www.healthline.com/nutrition,health,33,Foods and Beverages to Avoid with Arthritis,https://www.healthline.com/nutrition/foods-to-avoid-arthritis,2026-10-06T08:30:41+00:00
Healthline Nutrition,https://www.healthline.com/nutrition,health,34,How to Follow a Vestibular Migraine Diet,https://www.healthline.com/nutrition/vestibular-migraine-diet,2026-10-06T08:30:41+00:00
Healthline Nutrition,https://www.healthline.com/nutrition,health,35,Reflecting on the Intersection of Veganism and Blackness During Black…,https://www.healthline.com/nutrition/reflecting-on-the-intersection-of-veganism-and-blackness-2,2026-10-06T08:30:41+00:00
Healthline Nutrition,https://www.healthline.com/nutrition,health,36,How to Build a Balanced Caribbean Meal,https://www.healthline.com/nutrition/balanced-caribbean-meal,2026-10-06T08:30:41+00:00
Healthline Nutrition,https://www.healthline.com/nutrition,health,37,I’m a Black Dietitian — Here’s What I Want You to Know About Food and…,https://www.healthline.com/health/food-nutrition/black-dietician-food-and-racism,2026-10-06T08:30:41+00:00
Healthline Nutrition,https://www.healthline.com/nutrition,health,38,Welcome to Healthline Nutrition: A Letter from the Editor,https://www.healthline.com/nutrition/welcome-to-nutrition-editor-letter,2026-10-06T08:30:41+00:00
Healthline Nutrition,https://www.healthline.com/nutrition,health,39,I’m a Dietitian with Hashimoto’s Disease — Here’s My Story,https://www.healthline.com/nutrition/im-a-dietitian-living-with-hashimotos-disease,2026-10-06T08:30:41+00:00
Healthline Nutrition,https://www.healthline.com/nutrition,health,40,What’s the Difference Between a Dietitian and a Nutritionist?,https://www.healthline.com/nutrition/dietitian-vs-nutritionist,2026-10-06T08:30:41+00:00
Healthline Nutrition,https://www.healthline.com/nutrition,health,41,Cultural Competence in Nutrition and Dietetics: What We Need to Know,https://www.healthline.com/nutrition/cultural-competence-in-dietetics,2026-10-06T08:30:41+00:00
Healthline Nutrition,https://www.healthline.com/nutrition,health,42,5 Types of Eco-Friendly Food Packaging (and 3 to Avoid),https://www.healthline.com/nutrition/eco-friendly-food-packaging,2026-10-06T08:30:41+00:00
Healthline Nutrition,https://www.healthline.com/nutrition,health,43,How to Start Composting at Home,https://www.healthline.com/nutrition/composting-beginners-guide,2026-10-06T08:30:41+00:00
Healthline Nutrition,https://www.healthline.com/nutrition,health,44,"Beginner’s Guide to A Whole-Foods, Plant-Based Diet",https://www.healthline.com/nutrition/plant-based-diet-guide,2026-10-06T08:30:41+00:00
Healthline Nutrition,https://www.healthline.com/nutrition,health,45,Can You Follow an Eco-Friendly Diet and Still Eat Meat?,https://www.healthline.com/nutrition/eco-friendly-meat-eating,2026-10-06T08:30:41+00:00
Healthline Nutrition,https://www.healthline.com/nutrition,health,46,Palm Oil’s Environmental Impact: Can It Be Grown Sustainably?,https://www.healthline.com/nutrition/palm-oil-deforestation,2026-10-06T08:30:41+00:00
Healthline Nutrition,https://www.healthline.com/nutrition,health,47,Nutrition in Daily Life: A Trinbagonian Dietitian's Journey,https://www.healthline.com/nutrition/nutrition-in-daily-life,2026-10-06T08:30:41+00:00
TOI Life & Style,https://timesofindia.indiatimes.com/life-style,lifestyle,1,"Woman's appendix removed, but she only had food poisoning",https://timesofindia.indiatimes.com/articleshow/131905221.cms,2026-10-06T08:30:41+00:00
TOI Life & Style,https://timesofindia.indiatimes.com/life-style,lifestyle,2,Krispy Kreme issues urgent recall of World Cup doughnuts,https://timesofindia.indiatimes.com/articleshow/131904045.cms,2026-10-06T08:30:41+00:00
TOI Life & Style,https://timesofindia.indiatimes.com/life-style,lifestyle,3,British mother of three sheds 14st without exercise,https://timesofindia.indiatimes.com/articleshow/131890667.cms,2026-10-06T08:30:41+00:00
TOI Life & Style,https://timesofindia.indiatimes.com/life-style,lifestyle,4,"That 2000s hairband you probably threw away is back, thanks to Gigi Hadid",https://timesofindia.indiatimes.com/articleshow/134722245.cms,2026-10-06T08:30:41+00:00
TOI Life & Style,https://timesofindia.indiatimes.com/life-style,lifestyle,5,Indian man slaps Canadian streamer during tense livestream inside Vietnam store - here's what happened,https://timesofindia.indiatimes.com/articleshow/134726819.cms,2026-10-06T08:30:41+00:00
TOI Life & Style,https://timesofindia.indiatimes.com/life-style,lifestyle,6,"Cat meat trade: 2,700 cats stolen in Vietnam for meat; police bust suspected theft ring",https://timesofindia.indiatimes.com/articleshow/134722813.cms,2026-10-06T08:30:41+00:00
TOI Life & Style,https://timesofindia.indiatimes.com/life-style,lifestyle,7,Watch humanoid robots jump to their ‘death’ in molten metal in bizarre Terminator-style farewell,https://timesofindia.indiatimes.com/articleshow/134722450.cms,2026-10-06T08:30:41+00:00
TOI Life & Style,https://timesofindia.indiatimes.com/life-style,lifestyle,8,Israeli-American singer learns Shah Rukh Khan song to honour ‘brave’ Captain Smit Machchhar,https://timesofindia.indiatimes.com/articleshow/134721719.cms,2026-10-06T08:30:41+00:00
TOI Life & Style,https://timesofindia.indiatimes.com/life-style,lifestyle,9,"Siberian lab worker dies after severe pneumonia, suspected plague exposure raises questions",https://timesofindia.indiatimes.com/articleshow/134696620.cms,2026-10-06T08:30:41+00:00
TOI Life & Style,https://timesofindia.indiatimes.com/life-style,lifestyle,10,Indian man’s 24x7 video call with mom using Claude wins hearts online: ‘When she gets up at 3 am...’,https://timesofindia.indiatimes.com/articleshow/134708668.cms,2026-10-06T08:30:41+00:00
TOI Life & Style,https://timesofindia.indiatimes.com/life-style,lifestyle,11,"Psychology says brown-paper book covers may be a ritual of care, control and nostalgia for parents",https://timesofindia.indiatimes.com/articleshow/134728413.cms,2026-10-06T08:30:41+00:00
TOI Life & Style,https://timesofindia.indiatimes.com/life-style,lifestyle,12,"""I did it secretly…"" Kanika Mann on why middle-class parents hate extracurriculars",https://timesofindia.indiatimes.com/articleshow/134728394.cms,2026-10-06T08:30:41+00:00
TOI Life & Style,https://timesofindia.indiatimes.com/life-style,lifestyle,13,“My dad is relentless”: Meet Nobel winner Karl Deisseroth’s family and kids,https://timesofindia.indiatimes.com/articleshow/134726006.cms,2026-10-06T08:30:41+00:00
TOI Life & Style,https://timesofindia.indiatimes.com/life-style,lifestyle,14,"‘I have cherished every moment, but…’: What Senator said while holding her baby in Parliament",https://timesofindia.indiatimes.com/articleshow/134723953.cms,2026-10-06T08:30:41+00:00
TOI Life & Style,https://timesofindia.indiatimes.com/life-style,lifestyle,15,Usha Vance viral stairs stumble: Everyday physical challenges of caring for a newborn,https://timesofindia.indiatimes.com/articleshow/134722436.cms,2026-10-06T08:30:41+00:00
TOI Life & Style,https://timesofindia.indiatimes.com/life-style,lifestyle,16,Vietnam Cambodia Tour,https://timesofindia.indiatimes.com/articleshow/134708986.cms,2026-10-06T08:30:41+00:00
TOI Life & Style,https://timesofindia.indiatimes.com/life-style,lifestyle,17,Oscar Wilde Quote,https://timesofindia.indiatimes.com/articleshow/134576629.cms,2026-10-06T08:30:41+00:00
TOI Life & Style,https://timesofindia.indiatimes.com/life-style,lifestyle,18,Google Workplace Culture,https://timesofindia.indiatimes.com/articleshow/134706514.cms,2026-10-06T08:30:41+00:00
TOI Life & Style,https://timesofindia.indiatimes.com/life-style,lifestyle,19,"Cerebral palsy in children: Early signs parents should not ignore, from delayed milestones and unusual stiffness to early hand preference and toe walking; doctors explain why early assessment matters",https://timesofindia.indiatimes.com/articleshow/134725470.cms,2026-10-06T08:30:41+00:00
TOI Life & Style,https://timesofindia.indiatimes.com/life-style,lifestyle,20,"Pneumonic plague: As fear grips after Siberia lab accident, Delhi NCR doctor explains how the plague spreads between people, its early symptoms and why treatment cannot wait",https://timesofindia.indiatimes.com/articleshow/134722502.cms,2026-10-06T08:30:41+00:00
TOI Life & Style,https://timesofindia.indiatimes.com/life-style,lifestyle,21,"A heart transplant, a half marathon, then HYROX: How a Mumbai man rebuilt his fitness",https://timesofindia.indiatimes.com/articleshow/134704871.cms,2026-10-06T08:30:41+00:00
TOI Life & Style,https://timesofindia.indiatimes.com/life-style,lifestyle,22,Donald Trump says he takes aspirin daily: Should everyone take it to prevent a heart attack? Cardiologist explains,https://timesofindia.indiatimes.com/articleshow/134689535.cms,2026-10-06T08:30:41+00:00
TOI Life & Style,https://timesofindia.indiatimes.com/life-style,lifestyle,23,Kate Beckinsale could have dated Prince Harry? Her friend once rooted for the two to get together,https://timesofindia.indiatimes.com/articleshow/134430515.cms,2026-10-06T08:30:41+00:00
TOI Life & Style,https://timesofindia.indiatimes.com/life-style,lifestyle,24,Mahira Khan announces second pregnancy at 41 in a stunning white dress,https://timesofindia.indiatimes.com/articleshow/134174897.cms,2026-10-06T08:30:41+00:00
TOI Life & Style,https://timesofindia.indiatimes.com/life-style,lifestyle,25,Tej Pratap's viral workout: Bihar politician struggles in yoga with Mallika; clip goes viral,https://timesofindia.indiatimes.com/articleshow/133487635.cms,2026-10-06T08:30:41+00:00
TOI Life & Style,https://timesofindia.indiatimes.com/life-style,lifestyle,26,"“The Bihari in me said, ‘I’ll come back when your President ...",https://timesofindia.indiatimes.com/articleshow/134674043.cms,2026-10-06T08:30:41+00:00
TOI Life & Style,https://timesofindia.indiatimes.com/life-style,lifestyle,27,Psychology says children who keep restarting a drawing until...,https://timesofindia.indiatimes.com/articleshow/134668724.cms,2026-10-06T08:30:41+00:00
TOI Life & Style,https://timesofindia.indiatimes.com/life-style,lifestyle,28,Psychology says children who whisper to their toys may be pr...,https://timesofindia.indiatimes.com/articleshow/134630251.cms,2026-10-06T08:30:41+00:00
TOI Life & Style,https://timesofindia.indiatimes.com/life-style,lifestyle,29,‘One of the best decisions I’ve made’: Chennai founder share...,https://timesofindia.indiatimes.com/articleshow/134655536.cms,2026-10-06T08:30:41+00:00
TOI Life & Style,https://timesofindia.indiatimes.com/life-style,lifestyle,30,"Psychology says children who sing while getting dressed, eat...",https://timesofindia.indiatimes.com/articleshow/134613638.cms,2026-10-06T08:30:41+00:00
TOI Life & Style,https://timesofindia.indiatimes.com/life-style,lifestyle,31,"Born with cerebral palsy, she struggled to write and move. T...",https://timesofindia.indiatimes.com/articleshow/134544324.cms,2026-10-06T08:30:41+00:00
TOI Life & Style,https://timesofindia.indiatimes.com/life-style,lifestyle,32,Psychology says children who name their stuffed toys and eve...,https://timesofindia.indiatimes.com/articleshow/134588364.cms,2026-10-06T08:30:41+00:00
TOI Life & Style,https://timesofindia.indiatimes.com/life-style,lifestyle,33,Psychology says parents who put their kids’ medals and drawi...,https://timesofindia.indiatimes.com/articleshow/133883275.cms,2026-10-06T08:30:41+00:00
TOI Life & Style,https://timesofindia.indiatimes.com/life-style,lifestyle,34,Psychology says parents who keep old report cards and childh...,https://timesofindia.indiatimes.com/articleshow/134350487.cms,2026-10-06T08:30:41+00:00
TOI Life & Style,https://timesofindia.indiatimes.com/life-style,lifestyle,35,Meet Neha Thakur: The 25-year-old from Mandi who left air ho...,https://timesofindia.indiatimes.com/articleshow/134354416.cms,2026-10-06T08:30:41+00:00
TOI Life & Style,https://timesofindia.indiatimes.com/life-style,lifestyle,36,Meet Prabhat Kumar Yadav from Jaunpur: Auto driver’s son sco...,https://timesofindia.indiatimes.com/articleshow/134456759.cms,2026-10-06T08:30:41+00:00
TOI Life & Style,https://timesofindia.indiatimes.com/life-style,lifestyle,37,Kaziranga National Park in Assam reopens for 2026-27 season: Jeep safaris begin,https://timesofindia.indiatimes.com/articleshow/134720995.cms,2026-10-06T08:30:41+00:00
TOI Life & Style,https://timesofindia.indiatimes.com/life-style,lifestyle,38,Why is there a cigarette offering to Ganesh Ji at Indonesia’s Mount Bromo?,https://timesofindia.indiatimes.com/articleshow/134707160.cms,2026-10-06T08:30:41+00:00
TOI Life & Style,https://timesofindia.indiatimes.com/life-style,lifestyle,39,Jeffrey Archer dies at 86 just before final novel ‘Adam & Eve’ release,https://timesofindia.indiatimes.com/articleshow/134720823.cms,2026-10-06T08:30:41+00:00
TOI Life & Style,https://timesofindia.indiatimes.com/life-style,lifestyle,40,"Oscar Wilde’s famous quote may be wrongly attributed: The story behind ""I have nothing to declare except my genius'",https://timesofindia.indiatimes.com/articleshow/134686856.cms,2026-10-06T08:30:41+00:00
TOI Life & Style,https://timesofindia.indiatimes.com/life-style,lifestyle,41,East Of Eden: How John Steinbeck’s 1952 novel became Florence Pugh-starrer Netflix series,https://timesofindia.indiatimes.com/articleshow/134652882.cms,2026-10-06T08:30:41+00:00
TOI Life & Style,https://timesofindia.indiatimes.com/life-style,lifestyle,42,How did Ebenezer Scrooge get his name? The strange gravestone story that may have inspired Charles Dickens’ famous Christmas miser,https://timesofindia.indiatimes.com/articleshow/134632813.cms,2026-10-06T08:30:41+00:00
TOI Life & Style,https://timesofindia.indiatimes.com/life-style,lifestyle,43,Scared of Lizards? Here's how to keep them out of your house,https://timesofindia.indiatimes.com/articleshow/134725390.cms,2026-10-06T08:30:41+00:00
TOI Life & Style,https://timesofindia.indiatimes.com/life-style,lifestyle,44,7 common cooking blunders and ways to fix them,https://timesofindia.indiatimes.com/articleshow/134721913.cms,2026-10-06T08:30:41+00:00
TOI Life & Style,https://timesofindia.indiatimes.com/life-style,lifestyle,45,How to keep stinkbugs out of your house this fall: Simple tips to prevent them from getting inside,https://timesofindia.indiatimes.com/articleshow/134721364.cms,2026-10-06T08:30:41+00:00
TOI Life & Style,https://timesofindia.indiatimes.com/life-style,lifestyle,46,Vincent Van Gogh's quote: Stars help us draw inspiration and wonder beyond certainty; his words still guide us,https://timesofindia.indiatimes.com/articleshow/134720167.cms,2026-10-06T08:30:41+00:00
TOI Life & Style,https://timesofindia.indiatimes.com/life-style,lifestyle,47,Leonardo da Vinci's quote on experiment and observation: Painter urges testing experience over blind faith,https://timesofindia.indiatimes.com/articleshow/134683326.cms,2026-10-06T08:30:41+00:00
TOI Life & Style,https://timesofindia.indiatimes.com/life-style,lifestyle,48,Quote of the day by Henri Matisse says feeling was the point; knowledge must not block seeing,https://timesofindia.indiatimes.com/articleshow/134650276.cms,2026-10-06T08:30:41+00:00
TOI Life & Style,https://timesofindia.indiatimes.com/life-style,lifestyle,49,"TOI Healing India Forum 2026: Times of India invites nominations; entries close Oct 5, 2026",https://timesofindia.indiatimes.com/articleshow/134516020.cms,2026-10-06T08:30:41+00:00
TOI Life & Style,https://timesofindia.indiatimes.com/life-style,lifestyle,50,Call for Nominations: TOI Healing India Forum 2026,https://timesofindia.indiatimes.com/articleshow/134516691.cms,2026-10-06T08:30:41+00:00
TOI Life & Style,https://timesofindia.indiatimes.com/life-style,lifestyle,51,TOI UP Transformation Dialogues: How Gorakhpur is building a new industrial future,https://timesofindia.indiatimes.com/articleshow/134429382.cms,2026-10-06T08:30:41+00:00
TOI Life & Style,https://timesofindia.indiatimes.com/life-style,lifestyle,52,"UP Transformation Dialogues – Gorakhpur Summit: How law, order and women’s safety are reshaping Eastern UP",https://timesofindia.indiatimes.com/articleshow/134429327.cms,2026-10-06T08:30:41+00:00
TOI Life & Style,https://timesofindia.indiatimes.com/life-style,lifestyle,53,Hawaii’s Hōlei Sea Arch collapses: What caused the 550-YO landmark crumble?,https://timesofindia.indiatimes.com/articleshow/134720627.cms,2026-10-06T08:30:41+00:00
TOI Life & Style,https://timesofindia.indiatimes.com/life-style,lifestyle,54,"October 5, 1892: The Dalton Gang's double-bank robbery ended in a deadly shootout",https://timesofindia.indiatimes.com/articleshow/134686092.cms,2026-10-06T08:30:41+00:00
TOI Life & Style,https://timesofindia.indiatimes.com/life-style,lifestyle,55,"2,000-year-old eruption of Mt. Vesuvius is helping scientists date Earth’s history",https://timesofindia.indiatimes.com/articleshow/134668482.cms,2026-10-06T08:30:41+00:00
TOI Life & Style,https://timesofindia.indiatimes.com/life-style,lifestyle,56,Which country eats the most avocados in the world?,https://timesofindia.indiatimes.com/articleshow/134695720.cms,2026-10-06T08:30:41+00:00
TOI Life & Style,https://timesofindia.indiatimes.com/life-style,lifestyle,57,Oktoberfest: A pitcher-perfect beginning to festive season,https://timesofindia.indiatimes.com/articleshow/134692158.cms,2026-10-06T08:30:41+00:00
TOI Life & Style,https://timesofindia.indiatimes.com/life-style,lifestyle,58,Ready To Return To Acting: Karishma Tanna signals comeback,https://timesofindia.indiatimes.com/articleshow/134725554.cms,2026-10-06T08:30:41+00:00
TOI Life & Style,https://timesofindia.indiatimes.com/life-style,lifestyle,59,Amitabh Birthday Special Promo: Madhuri Dixit brings back Devdas magic,https://timesofindia.indiatimes.com/articleshow/134724140.cms,2026-10-06T08:30:41+00:00
TOI Life & Style,https://timesofindia.indiatimes.com/life-style,lifestyle,60,Jay Enjoys Time With Tara: Actor relishes solo parenting,https://timesofindia.indiatimes.com/articleshow/134722930.cms,2026-10-06T08:30:41+00:00
TOI Life & Style,https://timesofindia.indiatimes.com/life-style,lifestyle,61,How Two New Variants NB.1.8.1 and LF.7 Are Different from Previous Ones,https://timesofindia.indiatimes.com/articleshow/121406615.cms,2026-10-06T08:30:41+00:00
TOI Life & Style,https://timesofindia.indiatimes.com/life-style,lifestyle,62,Two unique symptoms of new Covid variant JN.1,https://timesofindia.indiatimes.com/articleshow/121425354.cms,2026-10-06T08:30:41+00:00
TOI Life & Style,https://timesofindia.indiatimes.com/life-style,lifestyle,63,"Covid cases rising in Singapore, India: What's JN.1 variant driving the surge",https://timesofindia.indiatimes.com/articleshow/121312766.cms,2026-10-06T08:30:41+00:00
TOI Life & Style,https://timesofindia.indiatimes.com/life-style,lifestyle,64,Pradhama Drishtya Kuttakkar OTT,https://timesofindia.indiatimes.com/articleshow/134722739.cms,2026-10-06T08:30:41+00:00
TOI Life & Style,https://timesofindia.indiatimes.com/life-style,lifestyle,65,Jack Black Quote,https://timesofindia.indiatimes.com/articleshow/134671377.cms,2026-10-06T08:30:41+00:00
TOI Life & Style,https://timesofindia.indiatimes.com/life-style,lifestyle,66,Drishyam 3 Box Office Collection,https://timesofindia.indiatimes.com/articleshow/134720323.cms,2026-10-06T08:30:41+00:00
TOI Life & Style,https://timesofindia.indiatimes.com/life-style,lifestyle,67,Jailer 2 Trailer,https://timesofindia.indiatimes.com/articleshow/134706166.cms,2026-10-06T08:30:41+00:00
TOI Life & Style,https://timesofindia.indiatimes.com/life-style,lifestyle,68,Paradise Box Office Collection,https://timesofindia.indiatimes.com/articleshow/134720307.cms,2026-10-06T08:30:41+00:00
TOI Life & Style,https://timesofindia.indiatimes.com/life-style,lifestyle,69,John Travolta Quote,https://timesofindia.indiatimes.com/articleshow/134698596.cms,2026-10-06T08:30:41+00:00
TOI Life & Style,https://timesofindia.indiatimes.com/life-style,lifestyle,70,Hanuman Ansh Collection,https://timesofindia.indiatimes.com/articleshow/134721059.cms,2026-10-06T08:30:41+00:00
TOI Life & Style,https://timesofindia.indiatimes.com/life-style,lifestyle,71,Mumbai Film City Fire,https://timesofindia.indiatimes.com/articleshow/134706988.cms,2026-10-06T08:30:41+00:00
TOI Life & Style,https://timesofindia.indiatimes.com/life-style,lifestyle,72,Farzi Season 2,https://timesofindia.indiatimes.com/articleshow/134654895.cms,2026-10-06T08:30:41+00:00
TOI Life & Style,https://timesofindia.indiatimes.com/life-style,lifestyle,73,Electric Scooter Compensation,https://timesofindia.indiatimes.com/articleshow/134686144.cms,2026-10-06T08:30:41+00:00
TOI Life & Style,https://timesofindia.indiatimes.com/life-style,lifestyle,74,Russia Defence Budget,https://timesofindia.indiatimes.com/articleshow/134688303.cms,2026-10-06T08:30:41+00:00
TOI Life & Style,https://timesofindia.indiatimes.com/life-style,lifestyle,75,IAF Multi Pronged Approach,https://timesofindia.indiatimes.com/articleshow/134687012.cms,2026-10-06T08:30:41+00:00
TOI Life & Style,https://timesofindia.indiatimes.com/life-style,lifestyle,76,Indian Army IED,https://timesofindia.indiatimes.com/articleshow/134689177.cms,2026-10-06T08:30:41+00:00
TOI Life & Style,https://timesofindia.indiatimes.com/life-style,lifestyle,77,Sherlock Pub Compensation,https://timesofindia.indiatimes.com/articleshow/134700283.cms,2026-10-06T08:30:41+00:00
TOI Life & Style,https://timesofindia.indiatimes.com/life-style,lifestyle,78,Egypt Dynasty Skull,https://timesofindia.indiatimes.com/articleshow/134695608.cms,2026-10-06T08:30:41+00:00
TOI Life & Style,https://timesofindia.indiatimes.com/life-style,lifestyle,79,Antarctica Flowering Plants,https://timesofindia.indiatimes.com/articleshow/134687348.cms,2026-10-06T08:30:41+00:00
TOI Life & Style,https://timesofindia.indiatimes.com/life-style,lifestyle,80,Chicken Feather Waste,https://timesofindia.indiatimes.com/articleshow/134694116.cms,2026-10-06T08:30:41+00:00
TOI Life & Style,https://timesofindia.indiatimes.com/life-style,lifestyle,81,Captions For Instagram Posts,https://timesofindia.indiatimes.com/articleshow/130895681.cms,2026-10-06T08:30:41+00:00
TOI Life & Style,https://timesofindia.indiatimes.com/life-style,lifestyle,82,Hazaribag man drowns while fishing in lake,https://timesofindia.indiatimes.com/articleshow/130060093.cms,2026-10-06T08:30:41+00:00
TOI Life & Style,https://timesofindia.indiatimes.com/life-style,lifestyle,83,"""Behen Darr Gayi!"": Fans relive ‘Bhagam Bhag’ era after watching Akshay Kumar's 'Bhooth Bangla' trailer",https://timesofindia.indiatimes.com/articleshow/130060027.cms,2026-10-06T08:30:41+00:00
TOI Life & Style,https://timesofindia.indiatimes.com/life-style,lifestyle,84,MBOSE HSLC result 2026 to release tomorrow: Check details here,https://timesofindia.indiatimes.com/articleshow/130059814.cms,2026-10-06T08:30:41+00:00
TOI Life & Style,https://timesofindia.indiatimes.com/life-style,lifestyle,85,"Iran war risk: JPMorgan CEO Jamie Dimon warns of oil shocks, sticky inflation and higher interest rates",https://timesofindia.indiatimes.com/articleshow/130059993.cms,2026-10-06T08:30:41+00:00
TOI Life & Style,https://timesofindia.indiatimes.com/life-style,lifestyle,86,Make your clutch last longer with these easy driving tips,https://timesofindia.indiatimes.com/articleshow/130052232.cms,2026-10-06T08:30:41+00:00
TOI Life & Style,https://timesofindia.indiatimes.com/life-style,lifestyle,87,“Three-against-one situation”: El Rubius opens up on being “targeted” in MrBeast’s viral $1M challenge,https://timesofindia.indiatimes.com/articleshow/130054402.cms,2026-10-06T08:30:41+00:00
TOI Life & Style,https://timesofindia.indiatimes.com/life-style,lifestyle,88,Bihar BTSC lab assistant notification released for 1091 posts at btsc.bihar.gov.in; apply here,https://timesofindia.indiatimes.com/articleshow/130059322.cms,2026-10-06T08:30:41+00:00
TOI Life & Style,https://timesofindia.indiatimes.com/life-style,lifestyle,89,IPL craze costs techie Rs 1.46 lakh in fake RCB vs CSK ticket scam,https://timesofindia.indiatimes.com/articleshow/130059549.cms,2026-10-06T08:30:41+00:00
TOI Life & Style,https://timesofindia.indiatimes.com/life-style,lifestyle,90,Raising “robot-proof” kids: Why creativity and curiosity matter more than ever,https://timesofindia.indiatimes.com/articleshow/130057342.cms,2026-10-06T08:30:41+00:00
TOI Life & Style,https://timesofindia.indiatimes.com/life-style,lifestyle,91,Inside ‘Satguru Sharan’: Exploring Saif Ali Khan and Kareena Kapoor Khan’s Rs 100 crore Bandra home,https://timesofindia.indiatimes.com/articleshow/130059584.cms,2026-10-06T08:30:41+00:00
TOI Life & Style,https://timesofindia.indiatimes.com/life-style,lifestyle,92,How selling Alaska in 1867 was a costly mistake for Russia,https://timesofindia.indiatimes.com/articleshow/130057081.cms,2026-10-06T08:30:41+00:00
TOI Life & Style,https://timesofindia.indiatimes.com/life-style,lifestyle,93,'Hera Pheri 3 is coming': Paresh Rawal dismisses delay reports and reveals he will 'start shooting soon',https://timesofindia.indiatimes.com/articleshow/130059421.cms,2026-10-06T08:30:41+00:00
TOI Life & Style,https://timesofindia.indiatimes.com/life-style,lifestyle,94,"US-Iran War: A daring rescue Hollywood blockbuster is on its way. Till then, pick your favourite from these 10 films on bringing someone home against all odds",https://timesofindia.indiatimes.com/articleshow/130059208.cms,2026-10-06T08:30:41+00:00
TOI Life & Style,https://timesofindia.indiatimes.com/life-style,lifestyle,95,"Kolkata team unveils fan mural at Rash Behari Avenue, celebrating city’s first love",https://timesofindia.indiatimes.com/articleshow/130059554.cms,2026-10-06T08:30:41+00:00
TOI Life & Style,https://timesofindia.indiatimes.com/life-style,lifestyle,96,How US spread a lie to rescue a pilot of a jet shot down in Iran,https://timesofindia.indiatimes.com/articleshow/130058641.cms,2026-10-06T08:30:41+00:00
TOI Life & Style,https://timesofindia.indiatimes.com/life-style,lifestyle,97,"Netflix unveils ‘VOID’, an AI model that can change a movie plot",https://timesofindia.indiatimes.com/articleshow/130058880.cms,2026-10-06T08:30:41+00:00
TOI Life & Style,https://timesofindia.indiatimes.com/life-style,lifestyle,98,"AI data centers are causing 'stress' not just to tech companies, but also private insurers",https://timesofindia.indiatimes.com/articleshow/130058967.cms,2026-10-06T08:30:41+00:00
TOI Life & Style,https://timesofindia.indiatimes.com/life-style,lifestyle,99,"""Trans women are....."": Clavicular’s viral moment with trans women sparks fresh conversation on internet culture",https://timesofindia.indiatimes.com/articleshow/130053479.cms,2026-10-06T08:30:41+00:00
NDTV Lifestyle,https://www.ndtv.com/lifestyle,lifestyle,1,Drishyam 3 Star Ishita Reveals The Parenting Advice From Kajol That Helped Her,https://www.ndtv.com/lifestyle/drishyam-3-star-ishita-dutta-reveals-the-parenting-advice-from-kajol-that-helped-her-son-vayu-12144519,2026-10-06T08:30:41+00:00
NDTV Lifestyle,https://www.ndtv.com/lifestyle,lifestyle,2,Rashmika And Vijay Reveal Why They Kept Their Relationship Private,https://www.ndtv.com/lifestyle/rashmika-mandanna-and-vijay-deverakonda-reveal-why-they-kept-their-relationship-private-12144253,2026-10-06T08:30:41+00:00
NDTV Lifestyle,https://www.ndtv.com/lifestyle,lifestyle,3,Inside Yami Gautam's 100-Year-Old Himachal Pradesh Home Worth Rs 8 Crore,https://www.ndtv.com/lifestyle/inside-yami-gautams-100-year-old-himachal-pradesh-home-worth-rs-8-crore-organic-gardens-and-greenhouse-spread-over-25-acres-12141033,2026-10-06T08:30:41+00:00
NDTV Lifestyle,https://www.ndtv.com/lifestyle,lifestyle,4,Inside Khatron Ke Khiladi 15 Winner Avinash Mishra's First Mumbai Home,https://www.ndtv.com/lifestyle/inside-khatron-ke-khiladi-15-winner-avinash-mishras-first-mumbai-home-bought-after-a-10-year-wait-12140113,2026-10-06T08:30:41+00:00
NDTV Lifestyle,https://www.ndtv.com/lifestyle,lifestyle,5,"Tour Archana Puran Singh And Parmeet Sethi's New Madh Island Bungalow Worth Crores: A Gazebo, Gardens, And More",https://www.ndtv.com/lifestyle/tour-archana-puran-singh-and-parmeet-sethis-new-madh-island-bungalow-worth-crores-a-gazebo-gardens-and-more-12133082,2026-10-06T08:30:41+00:00
NDTV Lifestyle,https://www.ndtv.com/lifestyle,lifestyle,6,"Inside Bigg Boss 18 Star Sara Arfeen Khan's Home With An Iguana, Piano, Library, And Cinema Room",https://www.ndtv.com/lifestyle/inside-sara-arfeen-khans-home-with-an-iguana-piano-library-and-cinema-room-12123846,2026-10-06T08:30:41+00:00
NDTV Lifestyle,https://www.ndtv.com/lifestyle,lifestyle,7,"Inside Gurfateh Pirzada's Mumbai Home Featuring Art, A Bar, Reindeer Fur, And A Giant Shoe Closet",https://www.ndtv.com/lifestyle/inside-gurfateh-pirzadas-mumbai-home-featuring-art-a-bar-reindeer-fur-and-a-giant-shoe-closet-12124120,2026-10-06T08:30:41+00:00
NDTV Lifestyle,https://www.ndtv.com/lifestyle,lifestyle,8,"Days After Knee Injury, Amitabh Bachchan Shares Pic Of Himself Running On KBC 18 Set",https://www.ndtv.com/lifestyle/days-after-knee-injury-amitabh-bachchan-shares-pic-of-himself-running-on-kbc-18-set-12136714,2026-10-06T08:30:41+00:00
NDTV Lifestyle,https://www.ndtv.com/lifestyle,lifestyle,9,"""Couldn't Be Happier"": Fatima Sana Shaikh Welcomes A Custom Bike To Her Garage, Dia Mirza Reacts",https://www.ndtv.com/lifestyle/couldnt-be-happier-fatima-sana-shaikh-welcomes-a-custom-bike-to-her-garage-dia-mirza-reacts-12136902,2026-10-06T08:30:41+00:00
NDTV Lifestyle,https://www.ndtv.com/lifestyle,lifestyle,10,"'Cigarette Butts, Wrappers': After Hanuman Ansh Release, 'Angry' Influencer Slams Littering At Kainchi Dham",https://www.ndtv.com/lifestyle/cigarette-butts-endless-selfies-influencer-slams-littering-vlogging-at-kainchi-dham-after-hanuman-ansh-12139595,2026-10-06T08:30:41+00:00
NDTV Lifestyle,https://www.ndtv.com/lifestyle,lifestyle,11,Think You're Falling Behind? Ankur Warikoo Shares 20 Signs You're Actually Doing Better,https://www.ndtv.com/lifestyle/think-youre-falling-behind-ankur-warikoo-shares-20-signs-youre-actually-doing-better-12136320,2026-10-06T08:30:41+00:00
NDTV Lifestyle,https://www.ndtv.com/lifestyle,lifestyle,12,"'Ek Kachori, Do Samosa': Why Indian Women Are Using Quirky Slogans To Protest Against Rape",https://www.ndtv.com/lifestyle/ek-kachori-do-samosa-why-indian-women-are-using-quirky-slogans-to-protest-against-rape-12126383,2026-10-06T08:30:41+00:00
NDTV Lifestyle,https://www.ndtv.com/lifestyle,lifestyle,13,Tara Sutaria Serves Autumn Chic In Suede Trench Coat And Turtleneck At Paris Fashion Week,https://www.ndtv.com/lifestyle/tara-sutaria-serves-autumn-chic-in-suede-trench-coat-and-turtleneck-at-paris-fashion-week-12136106,2026-10-06T08:30:41+00:00
NDTV Lifestyle,https://www.ndtv.com/lifestyle,lifestyle,14,From 'Venom' To 'Crime Master Gogo': Vijay Varma's Bold Black Outfit Leaves Instagram Divided And Amused,https://www.ndtv.com/lifestyle/from-venom-to-crime-master-gogo-vijay-varmas-bold-black-outfit-leaves-instagram-divided-and-amused-12132512,2026-10-06T08:30:41+00:00
NDTV Lifestyle,https://www.ndtv.com/lifestyle,lifestyle,15,Janhvi Kapoor Stuns In Bengal Muslin Saree With Jewelled Sleeves At BoF Gala In Paris,https://www.ndtv.com/lifestyle/janhvi-kapoor-stuns-in-bengal-muslin-saree-with-jewelled-sleeves-at-bof-gala-in-paris-12136729,2026-10-06T08:30:41+00:00
NDTV Lifestyle,https://www.ndtv.com/lifestyle,lifestyle,16,Aishwarya Rai's Paris Fashion Week Pictures Leave Celebrities In Awe,https://www.ndtv.com/lifestyle/aishwarya-rais-paris-fashion-week-pictures-leave-celebrities-in-awe-12123208,2026-10-06T08:30:41+00:00
NDTV Lifestyle,https://www.ndtv.com/lifestyle,lifestyle,17,"'Chudail Couture': Red Sindoor, White-Painted Faces, And Sari Gowns From Paris Runway Go Viral",https://www.ndtv.com/lifestyle/chudail-couture-red-sindoor-white-painted-faces-and-sari-gowns-from-paris-runway-go-viral-12118473,2026-10-06T08:30:41+00:00
NDTV Lifestyle,https://www.ndtv.com/lifestyle,lifestyle,18,'Nobody's Prepared For A Divorce': Shefali Shah Reflects On First Marriage With Harsh Chhaya,https://www.ndtv.com/lifestyle/nobodys-prepared-for-a-divorce-shefali-shah-reflects-on-first-marriage-with-harsh-chhaya-12139236,2026-10-06T08:30:41+00:00
NDTV Lifestyle,https://www.ndtv.com/lifestyle,lifestyle,19,Vijay Deverakonda Reveals Rashmika Mandanna Tells Him 'I Love You' 10-15 Times A Day: 'She Makes Sure I Express',https://www.ndtv.com/lifestyle/vijay-deverakonda-reveals-rashmika-mandanna-tells-him-i-love-you-10-15-times-a-day-she-makes-sure-i-express-12137355,2026-10-06T08:30:41+00:00
NDTV Lifestyle,https://www.ndtv.com/lifestyle,lifestyle,20,'Not Going To Ask You Who To Marry': Richa Chadha On 'Politicised' Interfaith Marriage With Ali Fazal,https://www.ndtv.com/lifestyle/not-going-to-ask-you-who-to-marry-richa-chadha-on-politicised-interfaith-marriage-with-ali-fazal-12140620,2026-10-06T08:30:41+00:00
NDTV Lifestyle,https://www.ndtv.com/lifestyle,lifestyle,21,"""Stakes Were Higher"": Parineeti Chopra Reveals Why She Married Raghav Chadha",https://www.ndtv.com/lifestyle/stakes-were-higher-parineeti-chopra-reveals-why-she-married-raghav-chadha-12133519,2026-10-06T08:30:41+00:00
NDTV Lifestyle,https://www.ndtv.com/lifestyle,lifestyle,22,"Ahead Of Miss Universe 2026, India's Kaziah Liz Mejo Is Ready To Discover Puerto Rico Through Music And Food",https://www.ndtv.com/lifestyle/ahead-of-miss-universe-2026-indias-kaziah-liz-mejo-is-ready-to-discover-puerto-rico-through-music-and-food-12129653,2026-10-06T08:30:41+00:00
NDTV Lifestyle,https://www.ndtv.com/lifestyle,lifestyle,23,"Video: R Madhavan Sports Messy Hair, Beard, And Glasses For New Film, Sends The Internet Into A Frenzy",https://www.ndtv.com/lifestyle/video-r-madhavan-sports-messy-hair-beard-and-glasses-for-new-film-sends-the-internet-into-a-frenzy-12139218,2026-10-06T08:30:41+00:00
NDTV Lifestyle,https://www.ndtv.com/lifestyle,lifestyle,24,Soha Ali Khan Talks About Preventative Botox: Benefits And Risks Explained,https://www.ndtv.com/lifestyle/soha-ali-khan-talks-about-preventative-botox-benefits-and-risks-explained-12132584,2026-10-06T08:30:41+00:00
NDTV Lifestyle,https://www.ndtv.com/lifestyle,lifestyle,25,Watch: Eva Longoria Checks Out How Aishwarya Rai's Red Hair Would Look On Her,https://www.ndtv.com/lifestyle/watch-eva-longoria-checks-out-how-aishwarya-rai-s-red-hair-would-look-on-her-12118371,2026-10-06T08:30:41+00:00
NDTV Lifestyle,https://www.ndtv.com/lifestyle,lifestyle,26,"Madhuri Dixit, Kajol, Urmila Matondkar, Shilpa Shetty Bring Glamour To Manish Malhotra's Mijwan Show",https://www.ndtv.com/lifestyle/madhuri-dixit-kajol-urmila-matondkar-shilpa-shetty-bring-glamour-to-manish-malhotras-mijwan-show-12104701,2026-10-06T08:30:41+00:00
NDTV Lifestyle,https://www.ndtv.com/lifestyle,lifestyle,27,"Ahead Of 44th Birthday, A Look At The Skincare Advice Ranbir Kapoor Got From Alia Bhatt",https://www.ndtv.com/lifestyle/ahead-of-44th-birthday-a-look-at-the-skincare-advice-ranbir-kapoor-got-from-alia-bhatt-12104230,2026-10-06T08:30:41+00:00
NDTV Lifestyle,https://www.ndtv.com/lifestyle,lifestyle,28,"Inside Jacqueline Fernandez's Weekly Workout Routine: Running, Pilates, Padel And Dance",https://www.ndtv.com/lifestyle/inside-jacqueline-fernandezs-weekly-workout-routine-running-pilates-padel-and-dance-12139447,2026-10-06T08:30:41+00:00
NDTV Lifestyle,https://www.ndtv.com/lifestyle,lifestyle,29,"Manisha Koirala's Upper-Body Workout At 56 Includes Lat Pulldowns, Bicep Curls And Pull-Ups",https://www.ndtv.com/lifestyle/manisha-koiralas-upper-body-workout-at-56-includes-lat-pulldowns-bicep-curls-and-pull-ups-12139199,2026-10-06T08:30:41+00:00
NDTV Lifestyle,https://www.ndtv.com/lifestyle,lifestyle,30,Stone Therapy To Yoga In Nature: Kalki Koechlin Embraces Ayurvedic Spa Therapy,https://www.ndtv.com/lifestyle/stone-therapy-to-yoga-in-nature-kalki-koechlin-embraces-ayurvedic-spa-therapy-12133404,2026-10-06T08:30:41+00:00
NDTV Lifestyle,https://www.ndtv.com/lifestyle,lifestyle,31,"Manisha Koirala, 56, Shows How She Stays Fit With Yoga, Mobility Exercises, And Strength Training",https://www.ndtv.com/lifestyle/manisha-koirala-56-shows-how-she-stays-fit-with-yoga-mobility-exercises-and-strength-training-12125389,2026-10-06T08:30:41+00:00
NDTV Lifestyle,https://www.ndtv.com/lifestyle,lifestyle,32,"From Early-Morning Training To Strict Diet: How Assam's Lovlina Borgohain, 29 Today, Won Asian Games Gold",https://www.ndtv.com/lifestyle/from-early-morning-training-to-strict-diet-how-assams-lovlina-borgohain-29-today-won-asian-games-gold-12128856,2026-10-06T08:30:41+00:00
NDTV People,https://www.ndtv.com/people?pfrom=home-mainnavigation,people,1,"Kakoli Ghosh: Trinamool Founder-Member, Key Mamata Banerjee Aide, Now Rebel",https://www.ndtv.com/india-news/kakoli-ghosh-trinamool-founder-member-key-mamata-banerjee-aide-now-rebel-11614211,2026-10-06T08:30:41+00:00
NDTV People,https://www.ndtv.com/people?pfrom=home-mainnavigation,people,2,"Meet Ursula Von Der Leyen, The Woman Trump Calls Europe's Most Powerful Leader",https://www.ndtv.com/world-news/meet-ursula-von-der-leyen-the-woman-trump-calls-europes-most-powerful-leader-9208492,2026-10-06T08:30:41+00:00
NDTV People,https://www.ndtv.com/people?pfrom=home-mainnavigation,people,3,"Meet Dubai Princess Who Dumped Husband On Insta, Launched 'Divorce' Perfume",https://www.ndtv.com/world-news/meet-dubai-princess-sheikha-mahra-who-dumped-husband-sheikh-mana-on-insta-launched-divorce-perfume-engaged-to-american-rapper-french-montana-9173856,2026-10-06T08:30:41+00:00
NDTV People,https://www.ndtv.com/people?pfrom=home-mainnavigation,people,4,"Meet Akhil Patel, Indian-Origin Entrepreneur Who Served Tea To PM Modi",https://www.ndtv.com/world-news/akhil-patel-amala-chai-pm-mod-in-uk-meet-akhil-patel-indian-origin-entrepreneur-who-served-tea-to-pm-modi-8946701,2026-10-06T08:30:41+00:00
NDTV People,https://www.ndtv.com/people?pfrom=home-mainnavigation,people,5,"Who Is Priya Nair, First Woman CEO And MD Of Hindustan Unilever",https://www.ndtv.com/india-news/priya-nair-hindustan-unilever-who-is-priya-nair-first-woman-ceo-and-md-of-hindustan-unilever-8858495,2026-10-06T08:30:41+00:00
NDTV People,https://www.ndtv.com/people?pfrom=home-mainnavigation,people,6,"Japan's 'Twitter Killer': The Man Who Killed, Chopped Up 9 People",https://www.ndtv.com/world-news/japans-twitter-killer-the-man-who-got-death-penalty-for-killing-dismembering-9-people-8774690,2026-10-06T08:30:41+00:00
NDTV People,https://www.ndtv.com/people?pfrom=home-mainnavigation,people,7,Who is Lauren Sanchez? Jeff Bezos' Bride-To-Be,https://www.ndtv.com/world-news/jeff-bezos-lauren-sanchez-venice-wedding-who-is-lauren-sanchez-jeff-bezos-bride-to-be-8774001,2026-10-06T08:30:41+00:00
NDTV People,https://www.ndtv.com/people?pfrom=home-mainnavigation,people,8,Who Is Arya Rajendran? India's 'Youngest Mayor' Praised By Zohran Mamdani,https://www.ndtv.com/world-news/who-is-arya-rajendran-indias-youngest-mayor-praised-by-indian-origin-new-york-mayor-candidate-zohran-mamdani-8773776,2026-10-06T08:30:41+00:00
NDTV People,https://www.ndtv.com/people?pfrom=home-mainnavigation,people,9,"Who Is Thomas Massie, Congressman Who Condemned Trump's Iran Strikes",https://www.ndtv.com/world-news/thomas-massie-republican-congressman-who-condemned-doanld-trumps-iran-airstrikes-8737629,2026-10-06T08:30:41+00:00
NDTV People,https://www.ndtv.com/people?pfrom=home-mainnavigation,people,10,"Meet Anantha Chandrakasan, First Indian-Born Provost Of MIT",https://www.ndtv.com/world-news/meet-anantha-chandrakasan-first-indian-born-provost-of-mit-8696558,2026-10-06T08:30:41+00:00
NDTV People,https://www.ndtv.com/people?pfrom=home-mainnavigation,people,11,"Who Is Yatri Doctor, Navankur Chaudhary And Why Is He In News",https://www.ndtv.com/india-news/yatri-doctor-navankur-chaudhary-who-is-yatri-doctor-navankur-chaudhary-and-why-is-he-in-news-8451648,2026-10-06T08:30:41+00:00
NDTV People,https://www.ndtv.com/people?pfrom=home-mainnavigation,people,12,Former Defence Secretary Ajay Kumar Appointed New UPSC Chairperson,https://www.ndtv.com/education/former-defence-secretary-ajay-kumar-appointed-new-upsc-chairperson-8410095,2026-10-06T08:30:41+00:00
NDTV People,https://www.ndtv.com/people?pfrom=home-mainnavigation,people,13,Mark Carney: Banker-Turned-Politician Who Led Embattled Liberals To Victory,https://www.ndtv.com/world-news/mark-carney-banker-turned-politician-who-led-embattled-liberals-to-victory-in-canada-election-2025-8284634,2026-10-06T08:30:41+00:00
NDTV People,https://www.ndtv.com/people?pfrom=home-mainnavigation,people,14,Pierre Poilievre: From Paper Boy To Canada's Prime Ministerial-Candidate,https://www.ndtv.com/world-news/canada-election-2025-pierre-poilievres-journey-from-being-a-paper-boy-to-canadas-pm-candidate-8197433,2026-10-06T08:30:41+00:00
NDTV People,https://www.ndtv.com/people?pfrom=home-mainnavigation,people,15,Mark Carney: Canadian Banker-Turned-PM Betting It All On A Snap Election,https://www.ndtv.com/world-news/canada-election-2025-mark-carney-canadian-banker-turned-pm-betting-it-all-on-a-snap-election-8196975,2026-10-06T08:30:41+00:00
NDTV People,https://www.ndtv.com/people?pfrom=home-mainnavigation,people,16,"Who Is Yves-Francois Blanchet, The Quebec Voice In Canadian Polls",https://www.ndtv.com/world-news/canada-2025-election-meet-bloc-quebecois-leader-yves-francois-blanchet-8210643,2026-10-06T08:30:41+00:00
NDTV People,https://www.ndtv.com/people?pfrom=home-mainnavigation,people,17,"Meet Jagmeet Singh, Whose Impact On Canada Polls Can No Longer Be Ignored",https://www.ndtv.com/world-news/canada-election-2025-who-is-jagmeet-singh-ndp-leader-aiming-to-break-the-liberal-conservative-deadlock-8210320,2026-10-06T08:30:41+00:00
NDTV People,https://www.ndtv.com/people?pfrom=home-mainnavigation,people,18,"Who Is Mohsen Mahdawi, Palestinian Student Detained At Citizenship Interview",https://www.ndtv.com/world-news/who-is-mohsen-mahdawi-palestinian-student-detained-at-citizenship-interview-8166870,2026-10-06T08:30:41+00:00
NDTV People,https://www.ndtv.com/people?pfrom=home-mainnavigation,people,19,"Who Is Sadanand Date, 26/11 Hero Now Leading Probe Against Tahawwur Rana",https://www.ndtv.com/india-news/who-is-sadanand-date-26-11-hero-now-leading-probe-against-tahawwur-rana-8131470,2026-10-06T08:30:41+00:00
NDTV People,https://www.ndtv.com/people?pfrom=home-mainnavigation,people,20,"From Olympic Snowboarder To FBI's Most Wanted, The Fall Of Ryan Wedding",https://www.ndtv.com/world-news/ryan-wedding-from-olympic-snowboarder-to-fbis-most-wanted-the-fall-of-ryan-wedding-7897434,2026-10-06T08:30:41+00:00
NDTV People,https://www.ndtv.com/people?pfrom=home-mainnavigation,people,21,NDTV News Desk,https://www.ndtv.com/authors/ndtv-news-desk-4438,2026-10-06T08:30:41+00:00
NDTV People,https://www.ndtv.com/people?pfrom=home-mainnavigation,people,22,NDTV World Desk,https://www.ndtv.com/authors/ndtv-world-desk-8279,2026-10-06T08:30:41+00:00
NDTV People,https://www.ndtv.com/people?pfrom=home-mainnavigation,people,23,"After Dhurandhar Films Success, Aditya Dhar And Yami Gautam To Shift To Himachal Pradesh",https://www.ndtv.com/entertainment/aditya-dhar-and-yami-gautam-dhar-reportedly-make-himachal-their-permanent-base-12136404,2026-10-06T08:30:41+00:00
NDTV People,https://www.ndtv.com/people?pfrom=home-mainnavigation,people,24,"Fahadh Faasil, 44, Says He Is ""Married To A Child"" While Talking About Wife Nazriya Nazim, 31",https://www.ndtv.com/entertainment/fahadh-faasil-44-says-he-is-married-to-a-child-while-talking-about-wife-nazriya-nazim-31-12120360,2026-10-06T08:30:41+00:00
NDTV People,https://www.ndtv.com/people?pfrom=home-mainnavigation,people,25,Bengaluru Gym Trainer Killed After Argument Inside Client's Apartment,https://www.ndtv.com/india-news/bengaluru-gym-trainer-killed-after-argument-inside-clients-apartment-12143060,2026-10-06T08:30:41+00:00
NDTV People,https://www.ndtv.com/people?pfrom=home-mainnavigation,people,26,Fahadh Faasil Says 'None Of The Producers Will Get Even Half Of Rs 300 Crore' That Bethlehem Kadamba Unit Has Earned,https://www.ndtv.com/entertainment/fahadh-faasil-says-none-of-the-producers-will-get-even-half-of-rs-300-crore-that-bethlehem-kadamba-unit-has-earned-12140725,2026-10-06T08:30:41+00:00
NDTV People,https://www.ndtv.com/people?pfrom=home-mainnavigation,people,27,"Delhi Cop, Accused Of Sexually Harassing Woman, Gets Promotion",https://www.ndtv.com/india-news/delhi-cop-vivek-bhagat-accused-of-sexually-harassing-woman-journalist-gets-promotion-12142803,2026-10-06T08:30:41+00:00
NDTV People,https://www.ndtv.com/people?pfrom=home-mainnavigation,people,28,"'Trump Has Extraordinarily Positive View Of PM Modi, India': Ex-Australian PM",https://www.ndtv.com/world-news/trump-has-extraordinarily-positive-view-of-pm-modi-india-ex-australian-pm-kevin-rudd-12144907,2026-10-06T08:30:41+00:00
NDTV People,https://www.ndtv.com/people?pfrom=home-mainnavigation,people,29,"""Unable To Meet Expectations"": Andhra Techie's Note For Father Before Suicide",https://www.ndtv.com/hyderabad-news/unable-to-meet-expectations-andhra-techies-note-for-father-before-suicide-12144820,2026-10-06T08:30:41+00:00
NDTV People,https://www.ndtv.com/people?pfrom=home-mainnavigation,people,30,"Woman Claims She Was Denied Washroom At 5-Star Delhi Hotel, Video Divides Internet: ""Use Public Toilets""",https://www.ndtv.com/offbeat/woman-claims-she-was-denied-washroom-at-5-star-delhi-hotel-video-divides-internet-use-public-toilets-12144807,2026-10-06T08:30:41+00:00
NDTV People,https://www.ndtv.com/people?pfrom=home-mainnavigation,people,31,Barapullah Was Built To Beat Delhi Traffic. Why Is The New Flyover Causing Jams?,https://www.ndtv.com/india-news/barapullah-was-built-to-beat-delhi-traffic-why-is-the-new-flyover-causing-jams-12144755,2026-10-06T08:30:41+00:00
NDTV People,https://www.ndtv.com/people?pfrom=home-mainnavigation,people,32,High Court Pulls Up Punjab Government's Top Officer Over Pending Arrears,https://www.ndtv.com/india-news/high-court-pulls-up-punjab-governments-chief-sceretary-over-pending-dearness-allowance-12144753,2026-10-06T08:30:41+00:00
NDTV People,https://www.ndtv.com/people?pfrom=home-mainnavigation,people,33,Israel Was Ready To Shoot Down flydubai Jet. Then This Happened,https://www.ndtv.com/world-news/israel-was-ready-to-shoot-down-flydubai-jet-despite-over-170-passengers-on-board-report-12143880,2026-10-06T08:30:41+00:00
NDTV People,https://www.ndtv.com/people?pfrom=home-mainnavigation,people,34,'Backlash Really Affected Me': Anant Joshi On Replacing Vaibhav Raj In Gullak 5,https://www.ndtv.com/entertainment/backlash-really-affected-me-anant-joshi-to-ndtv-on-replacing-vaibhav-raj-gupta-in-gullak-5-12140773,2026-10-06T08:30:41+00:00
NDTV People,https://www.ndtv.com/people?pfrom=home-mainnavigation,people,35,'Zeeshan Said Yes After Reading Aneet's Golgappa Scene': Hunkkaar Maker,https://www.ndtv.com/entertainment/mohammed-zeeshan-ayyub-said-yes-after-reading-aneet-paddas-golgappa-scene-hunkkaar-maker-12144433,2026-10-06T08:30:41+00:00
NDTV People,https://www.ndtv.com/people?pfrom=home-mainnavigation,people,36,Supreme Court Warns Rajpal Yadav Over Missing Deadline In Cheque-Bounce Cases,https://www.ndtv.com/entertainment/your-place-is-in-jail-supreme-court-to-rajpal-yadav-over-missing-deadline-in-cheque-bounce-cases-12141692,2026-10-06T08:30:41+00:00
NDTV People,https://www.ndtv.com/people?pfrom=home-mainnavigation,people,37,Inside Yami Gautam's 100-Year-Old Himachal Pradesh Home Worth Rs 8 Crore: Organic Gardens And Greenhouse Spread Over 25 Acres,https://www.ndtv.com/lifestyle/inside-yami-gautams-100-year-old-himachal-pradesh-home-worth-rs-8-crore-organic-gardens-and-greenhouse-spread-over-25-acres-12141033,2026-10-06T08:30:41+00:00
NDTV People,https://www.ndtv.com/people?pfrom=home-mainnavigation,people,38,Latest News Today,https://www.ndtv.com/latest,2026-10-06T08:30:41+00:00
NDTV People,https://www.ndtv.com/people?pfrom=home-mainnavigation,people,39,Check PNR Status,https://www.ndtv.com/indian-railway/pnr-status,2026-10-06T08:30:41+00:00
NDTV People,https://www.ndtv.com/people?pfrom=home-mainnavigation,people,40,Education News India,https://www.ndtv.com/education,2026-10-06T08:30:41+00:00
NDTV People,https://www.ndtv.com/people?pfrom=home-mainnavigation,people,41,Latest Business News,https://www.ndtv.com/business-news,2026-10-06T08:30:41+00:00
NDTV People,https://www.ndtv.com/people?pfrom=home-mainnavigation,people,42,By-Election 2026 Live Updates,https://www.ndtv.com/india-news/byelection-2026-live-updates-nandigram-rejinagar-nagaon-lok-sabha-dharapuram-madurantakam-west-bengal-tamil-nadu-assam-puducherry-voting-live-news-upd-12143555,2026-10-06T08:30:41+00:00
NDTV People,https://www.ndtv.com/people?pfrom=home-mainnavigation,people,43,Indian Sailor Injured In Russian Strike,https://www.ndtv.com/world-news/indian-sailor-injured-in-russian-strike-on-cargo-ship-new-delhi-reacts-12143527,2026-10-06T08:30:41+00:00
NDTV People,https://www.ndtv.com/people?pfrom=home-mainnavigation,people,44,Rahul Gandhi's Form 6 Allegations,https://www.ndtv.com/india-news/gyanesh-kumar-rahul-gandhi-eci-election-commission-factchecks-rahul-gandhis-form-6-allegations-12142478,2026-10-06T08:30:41+00:00
NDTV People,https://www.ndtv.com/people?pfrom=home-mainnavigation,people,45,What Oman Sources Told NDTV About flydubai Co-Pilot,https://www.ndtv.com/world-news/hamam-al-hammami-smit-machchhar-there-was-big-mistake-what-oman-sources-told-ndtv-about-flydubai-co-pilot-12141156,2026-10-06T08:30:41+00:00
NDTV People,https://www.ndtv.com/people?pfrom=home-mainnavigation,people,46,INDIA Bloc march to EC office LIVE,https://www.ndtv.com/india-news/live-updates-india-bloc-marches-to-poll-body-office-demands-gyanesh-kumars-resignation-12144166,2026-10-06T08:30:41+00:00
NDTV People,https://www.ndtv.com/people?pfrom=home-mainnavigation,people,47,All India News,https://www.ndtv.com/india,2026-10-06T08:30:41+00:00
NDTV People,https://www.ndtv.com/people?pfrom=home-mainnavigation,people,48,'Serious But Not Habitual Offender': Delhi Court Grants Bail To 17 Protesters,https://www.ndtv.com/india-news/serious-but-not-habitual-offender-delhi-court-grants-bail-to-17-students-protesting-against-poll-body-chief-gyanesh-kumar-12144653,2026-10-06T08:30:41+00:00
NDTV People,https://www.ndtv.com/people?pfrom=home-mainnavigation,people,49,India Set For First Repo Rate Hike in Almost Four Years: Report,https://www.ndtv.com/india-news/india-set-for-first-repo-rate-hike-in-almost-four-years-report-12144610,2026-10-06T08:30:41+00:00
NDTV People,https://www.ndtv.com/people?pfrom=home-mainnavigation,people,50,Bus Key Dash To 'Detain Me Please': How Protesters Outfoxed Delhi Cops,https://www.ndtv.com/india-news/jantar-mantar-protest-bus-key-dash-to-detain-me-please-how-protesters-outfoxed-delhi-cops-12144526,2026-10-06T08:30:41+00:00
NDTV People,https://www.ndtv.com/people?pfrom=home-mainnavigation,people,51,"Punjab Board Exams 2027: Registration, Fee Payment Dates Out, Check Details",https://www.ndtv.com/education/pseb-class-10-12-board-exams-2027-registration-fee-payment-dates-announced-12144726,2026-10-06T08:30:41+00:00
NDTV People,https://www.ndtv.com/people?pfrom=home-mainnavigation,people,52,Kondagaon Schools To Get Geography Labs After Teacher Wins National Award,https://www.ndtv.com/education/kondagaon-schools-to-get-geography-labs-after-teacher-vinayak-kohli-wins-national-award-12144696,2026-10-06T08:30:41+00:00
NDTV People,https://www.ndtv.com/people?pfrom=home-mainnavigation,people,53,"Rajasthan SET Answer Key 2026 Released: Check Steps To Download, Other Details",https://www.ndtv.com/education/rajasthan-set-answer-key-2026-released-check-steps-to-download-subject-wise-details-12144689,2026-10-06T08:30:41+00:00
NDTV People,https://www.ndtv.com/people?pfrom=home-mainnavigation,people,54,CBSE Asks Schools To Promote Digital Payment System For Transactions,https://www.ndtv.com/education/cbse-asks-schools-to-promote-digital-payment-system-for-financial-activities-12144386,2026-10-06T08:30:41+00:00
NDTV People,https://www.ndtv.com/people?pfrom=home-mainnavigation,people,55,DRDO Apprenticeship 2026: Applications Open For One-Year Training,https://www.ndtv.com/education/drdo-apprenticeship-2026-applications-open-for-one-year-training-apply-by-october-12-12144377,2026-10-06T08:30:41+00:00
